BGC	Accesion ID	Description	Product Prediction	BiG-SCAPE class	Organism	Taxonomy
ABCS01000001.1.region001	ABCS01000001.1	ABCS01000001.1 Plesiocystis pacifica SIR-1 1103186006202, whole genome shotgun sequence	terpene	Terpene		
ABCS01000011.1.region001	ABCS01000011.1	ABCS01000011.1 Plesiocystis pacifica SIR-1 1103186006224, whole genome shotgun sequence	terpene	Terpene		
ABCS01000021.1.region001	ABCS01000021.1	ABCS01000021.1 Plesiocystis pacifica SIR-1 1103186006200, whole genome shotgun sequence	terpene	Terpene		
ABCS01000037.1.region001	ABCS01000037.1	ABCS01000037.1 Plesiocystis pacifica SIR-1 1103186006263, whole genome shotgun sequence	terpene	Terpene		
ABCS01000038.1.region001	ABCS01000038.1	ABCS01000038.1 Plesiocystis pacifica SIR-1 1103186006194, whole genome shotgun sequence	terpene	Terpene		
ABCS01000075.1.region001	ABCS01000075.1	ABCS01000075.1 Plesiocystis pacifica SIR-1 1103186006312, whole genome shotgun sequence	terpene	Terpene		
ABYX02000001.1.region004	ABYX02000001.1	ABYX02000001.1 Streptomyces filamentosus NRRL 11379 supercont4.1, whole genome shotgun sequence	terpene	Terpene		
ABYX02000001.1.region016	ABYX02000001.1	ABYX02000001.1 Streptomyces filamentosus NRRL 11379 supercont4.1, whole genome shotgun sequence	terpene	Terpene		
ABYX02000001.1.region023	ABYX02000001.1	ABYX02000001.1 Streptomyces filamentosus NRRL 11379 supercont4.1, whole genome shotgun sequence	terpene	Terpene		
ACVN02000153.1.region001	ACVN02000153.1	ACVN02000153.1 Propionibacterium acidifaciens F0233 ctg1127964738382, whole genome shotgun sequence	terpene	Terpene		
ACYA01000001.1.region001	ACYA01000001.1	ACYA01000001.1 Cylindrospermopsis raciborskii CS-505 CS505_1, whole genome shotgun sequence	terpene	Terpene		
ACYA01000063.1.region001	ACYA01000063.1	ACYA01000063.1 Cylindrospermopsis raciborskii CS-505 CS505_62, whole genome shotgun sequence	terpene	Terpene		
ACYA01000091.1.region001	ACYA01000091.1	ACYA01000091.1 Cylindrospermopsis raciborskii CS-505 CS505_9, whole genome shotgun sequence	terpene	Terpene		
AL589148.1.region001	AL589148.1	AL589148.1 Streptomyces coelicolor plasmid SCP1	terpene	Terpene		
AL645882.2.region002	AL645882.2	AL645882.2 Streptomyces coelicolor A3(2) complete genome	terpene	Terpene		
AL645882.2.region012	AL645882.2	AL645882.2 Streptomyces coelicolor A3(2) complete genome	terpene	Terpene		
AL645882.2.region017	AL645882.2	AL645882.2 Streptomyces coelicolor A3(2) complete genome	terpene	Terpene		
AL645882.2.region022	AL645882.2	AL645882.2 Streptomyces coelicolor A3(2) complete genome	terpene	Terpene		
AL645882.2.region027	AL645882.2	AL645882.2 Streptomyces coelicolor A3(2) complete genome	NRPS.terpene.T3PKS	Others		
ALVU02000001.1.region002	ALVU02000001.1	ALVU02000001.1 Synechocystis sp. PCC 7509 SYN7509DRAFT_scaffold1.1_C, whole genome shotgun sequence	terpene	Terpene		
ALVZ01000137.1.region001	ALVZ01000137.1	ALVZ01000137.1 Xenococcus sp. PCC 7305 scaffold_00137, whole genome shotgun sequence	terpene	Terpene		
ALVZ01000159.1.region001	ALVZ01000159.1	ALVZ01000159.1 Xenococcus sp. PCC 7305 scaffold_00159, whole genome shotgun sequence	terpene	Terpene		
ALVZ01000226.1.region001	ALVZ01000226.1	ALVZ01000226.1 Xenococcus sp. PCC 7305 scaffold_00226, whole genome shotgun sequence	terpene	Terpene		
ALWB01000151.1.region001	ALWB01000151.1	ALWB01000151.1 Pseudanabaena biceps PCC 7429 scaffold_00151, whole genome shotgun sequence	terpene	Terpene		
AP008231.1.region002	AP008231.1	AP008231.1 Synechococcus elongatus PCC 6301 DNA, complete genome	terpene	Terpene		
AP008231.1.region003	AP008231.1	AP008231.1 Synechococcus elongatus PCC 6301 DNA, complete genome	terpene	Terpene		
AP009552.1.region003	AP009552.1	AP009552.1 Microcystis aeruginosa NIES-843 DNA, complete genome	terpene.T1PKS	Others		
AP009552.1.region007	AP009552.1	AP009552.1 Microcystis aeruginosa NIES-843 DNA, complete genome	terpene	Terpene		
AP009552.1.region009	AP009552.1	AP009552.1 Microcystis aeruginosa NIES-843 DNA, complete genome	terpene	Terpene		
AP018314.1.region003	AP018314.1	AP018314.1 Sphaerospermopsis kisseleviana NIES-73 DNA, nearly complete genome	terpene	Terpene		
AP018314.1.region004	AP018314.1	AP018314.1 Sphaerospermopsis kisseleviana NIES-73 DNA, nearly complete genome	terpene	Terpene		
AP018314.1.region007	AP018314.1	AP018314.1 Sphaerospermopsis kisseleviana NIES-73 DNA, nearly complete genome	terpene	Terpene		
AP019314.1.region002	AP019314.1	AP019314.1 Microcystis viridis NIES-102 DNA, complete genome	terpene	Terpene		
AP019314.1.region004	AP019314.1	AP019314.1 Microcystis viridis NIES-102 DNA, complete genome	terpene	Terpene		
AP019314.1.region010	AP019314.1	AP019314.1 Microcystis viridis NIES-102 DNA, complete genome	terpene.T1PKS	Others		
AUEV01000002.1.region002	AUEV01000002.1	AUEV01000002.1 Streptomyces sp. TAA486 I004DRAFT_scaffold00002.2_C, whole genome shotgun sequence	terpene	Terpene		
AUEV01000018.1.region003	AUEV01000018.1	AUEV01000018.1 Streptomyces sp. TAA486 I004DRAFT_scaffold00016.16_C, whole genome shotgun sequence	terpene	Terpene		
AUFD01000005.1.region001	AUFD01000005.1	AUFD01000005.1 Streptomyces sp. CNS606 K304DRAFT_scaffold00003.3_C, whole genome shotgun sequence	terpene	Terpene		
AUFD01000009.1.region002	AUFD01000009.1	AUFD01000009.1 Streptomyces sp. CNS606 K304DRAFT_scaffold00007.7_C, whole genome shotgun sequence	terpene	Terpene		
AUFD01000019.1.region002	AUFD01000019.1	AUFD01000019.1 Streptomyces sp. CNS606 K304DRAFT_scaffold00017.17_C, whole genome shotgun sequence	terpene	Terpene		
AUKN01000002.1.region003	AUKN01000002.1	AUKN01000002.1 Streptomyces sp. CNT318 H296DRAFT_scaffold00002.2_C, whole genome shotgun sequence	terpene	Terpene		
AUKN01000003.1.region002	AUKN01000003.1	AUKN01000003.1 Streptomyces sp. CNT318 H296DRAFT_scaffold00003.3_C, whole genome shotgun sequence	terpene	Terpene		
AUKN01000003.1.region004	AUKN01000003.1	AUKN01000003.1 Streptomyces sp. CNT318 H296DRAFT_scaffold00003.3_C, whole genome shotgun sequence	terpene	Terpene		
AUKN01000014.1.region001	AUKN01000014.1	AUKN01000014.1 Streptomyces sp. CNT318 H296DRAFT_scaffold00013.13_C, whole genome shotgun sequence	terpene	Terpene		
AUKO01000003.1.region003	AUKO01000003.1	AUKO01000003.1 Streptomyces sp. CNT360 H297DRAFT_scaffold00003.3_C, whole genome shotgun sequence	terpene	Terpene		
AUKO01000018.1.region001	AUKO01000018.1	AUKO01000018.1 Streptomyces sp. CNT360 H297DRAFT_scaffold00011.11_C, whole genome shotgun sequence	terpene	Terpene		
AUKP01000006.1.region001	AUKP01000006.1	AUKP01000006.1 Streptomyces sp. CNQ865 H298DRAFT_scaffold00006.6_C, whole genome shotgun sequence	terpene	Terpene		
AUKP01000008.1.region001	AUKP01000008.1	AUKP01000008.1 Streptomyces sp. CNQ865 H298DRAFT_scaffold00008.8_C, whole genome shotgun sequence	terpene	Terpene		
AUKP01000018.1.region001	AUKP01000018.1	AUKP01000018.1 Streptomyces sp. CNQ865 H298DRAFT_scaffold00017.17_C, whole genome shotgun sequence	terpene	Terpene		
AUKP01000019.1.region001	AUKP01000019.1	AUKP01000019.1 Streptomyces sp. CNQ865 H298DRAFT_scaffold00018.18_C, whole genome shotgun sequence	terpene	Terpene		
AUKP01000024.1.region002	AUKP01000024.1	AUKP01000024.1 Streptomyces sp. CNQ865 H298DRAFT_scaffold00023.23_C, whole genome shotgun sequence	terpene	Terpene		
AUKP01000030.1.region001	AUKP01000030.1	AUKP01000030.1 Streptomyces sp. CNQ865 H298DRAFT_scaffold00029.29_C, whole genome shotgun sequence	terpene	Terpene		
AUKP01000050.1.region001	AUKP01000050.1	AUKP01000050.1 Streptomyces sp. CNQ865 H298DRAFT_scaffold00049.49_C, whole genome shotgun sequence	terpene.T3PKS	Others		
AUKP01000052.1.region001	AUKP01000052.1	AUKP01000052.1 Streptomyces sp. CNQ865 H298DRAFT_scaffold00051.51_C, whole genome shotgun sequence	terpene	Terpene		
AUKQ01000004.1.region001	AUKQ01000004.1	AUKQ01000004.1 Streptomyces sp. CNH287 H299DRAFT_scaffold00003.3_C, whole genome shotgun sequence	terpene	Terpene		
AUKQ01000006.1.region001	AUKQ01000006.1	AUKQ01000006.1 Streptomyces sp. CNH287 H299DRAFT_scaffold00005.5_C, whole genome shotgun sequence	terpene.phenazine	Others		
AUKQ01000006.1.region002	AUKQ01000006.1	AUKQ01000006.1 Streptomyces sp. CNH287 H299DRAFT_scaffold00005.5_C, whole genome shotgun sequence	hglE-KS.terpene.LAP	Others		
AUKR01000007.1.region001	AUKR01000007.1	AUKR01000007.1 Streptomyces sp. TAA040 H300DRAFT_scaffold00006.6_C, whole genome shotgun sequence	NRPS.terpene.lanthipeptide	Others		
AUKR01000007.1.region002	AUKR01000007.1	AUKR01000007.1 Streptomyces sp. TAA040 H300DRAFT_scaffold00006.6_C, whole genome shotgun sequence	NRPS.terpene.T3PKS	Others		
AUKR01000010.1.region001	AUKR01000010.1	AUKR01000010.1 Streptomyces sp. TAA040 H300DRAFT_scaffold00009.9_C, whole genome shotgun sequence	terpene	Terpene		
AUKR01000014.1.region001	AUKR01000014.1	AUKR01000014.1 Streptomyces sp. TAA040 H300DRAFT_scaffold00013.13_C, whole genome shotgun sequence	terpene	Terpene		
AUKR01000016.1.region002	AUKR01000016.1	AUKR01000016.1 Streptomyces sp. TAA040 H300DRAFT_scaffold00015.15_C, whole genome shotgun sequence	terpene	Terpene		
AUKR01000036.1.region001	AUKR01000036.1	AUKR01000036.1 Streptomyces sp. TAA040 H300DRAFT_scaffold00034.34_C, whole genome shotgun sequence	terpene	Terpene		
AUKW01000001.1.region001	AUKW01000001.1	AUKW01000001.1 Streptomyces sp. TAA204 H343DRAFT_scaffold00001.1_C, whole genome shotgun sequence	terpene	Terpene		
AUKW01000002.1.region003	AUKW01000002.1	AUKW01000002.1 Streptomyces sp. TAA204 H343DRAFT_scaffold00002.2_C, whole genome shotgun sequence	terpene	Terpene		
AUKW01000003.1.region001	AUKW01000003.1	AUKW01000003.1 Streptomyces sp. TAA204 H343DRAFT_scaffold00003.3_C, whole genome shotgun sequence	furan.transAT-PKS.NRPS.terpene.PKS-like	Others		
AUKW01000003.1.region002	AUKW01000003.1	AUKW01000003.1 Streptomyces sp. TAA204 H343DRAFT_scaffold00003.3_C, whole genome shotgun sequence	terpene	Terpene		
AUKW01000010.1.region001	AUKW01000010.1	AUKW01000010.1 Streptomyces sp. TAA204 H343DRAFT_scaffold00009.9_C, whole genome shotgun sequence	terpene	Terpene		
AUKW01000019.1.region001	AUKW01000019.1	AUKW01000019.1 Streptomyces sp. TAA204 H343DRAFT_scaffold00015.15_C, whole genome shotgun sequence	NRPS.terpene.T1PKS	Others		
AXVU01000001.1.region001	AXVU01000001.1	AXVU01000001.1 Streptomyces sp. CNQ329 I003DRAFT_scaffold00001.1_C, whole genome shotgun sequence	terpene	Terpene		
AXVU01000007.1.region002	AXVU01000007.1	AXVU01000007.1 Streptomyces sp. CNQ329 I003DRAFT_scaffold00006.6_C, whole genome shotgun sequence	terpene	Terpene		
AXVU01000022.1.region001	AXVU01000022.1	AXVU01000022.1 Streptomyces sp. CNQ329 I003DRAFT_scaffold00021.21_C, whole genome shotgun sequence	terpene.PKS-like	Others		
AXVU01000031.1.region001	AXVU01000031.1	AXVU01000031.1 Streptomyces sp. CNQ329 I003DRAFT_scaffold00030.30_C, whole genome shotgun sequence	terpene	Terpene		
AXVU01000055.1.region001	AXVU01000055.1	AXVU01000055.1 Streptomyces sp. CNQ329 I003DRAFT_scaffold00054.54_C, whole genome shotgun sequence	terpene	Terpene		
AXVU01000092.1.region001	AXVU01000092.1	AXVU01000092.1 Streptomyces sp. CNQ329 I003DRAFT_scaffold00090.90_C, whole genome shotgun sequence	terpene.T3PKS	Others		
AZUS01000006.1.region001	AZUS01000006.1	AZUS01000006.1 Streptomyces sp. CNH189 B100DRAFT_scaffold_5.6_C, whole genome shotgun sequence	terpene	Terpene		
AZUS01000007.1.region001	AZUS01000007.1	AZUS01000007.1 Streptomyces sp. CNH189 B100DRAFT_scaffold_6.7_C, whole genome shotgun sequence	terpene.bacteriocin.T1PKS	Others		
AZUS01000023.1.region001	AZUS01000023.1	AZUS01000023.1 Streptomyces sp. CNH189 B100DRAFT_scaffold_22.23_C, whole genome shotgun sequence	terpene	Terpene		
AZUS01000036.1.region001	AZUS01000036.1	AZUS01000036.1 Streptomyces sp. CNH189 B100DRAFT_scaffold_35.36_C, whole genome shotgun sequence	terpene.T3PKS	Others		
AZUS01000042.1.region001	AZUS01000042.1	AZUS01000042.1 Streptomyces sp. CNH189 B100DRAFT_scaffold_41.42_C, whole genome shotgun sequence	terpene	Terpene		
AZWL01000001.1.region004	AZWL01000001.1	AZWL01000001.1 Streptomyces sp. CNH099 B121DRAFT_scaffold_0.1_C, whole genome shotgun sequence	terpene	Terpene		
AZWL01000006.1.region001	AZWL01000006.1	AZWL01000006.1 Streptomyces sp. CNH099 B121DRAFT_scaffold_4.5_C, whole genome shotgun sequence	terpene	Terpene		
AZWL01000011.1.region002	AZWL01000011.1	AZWL01000011.1 Streptomyces sp. CNH099 B121DRAFT_scaffold_9.10_C, whole genome shotgun sequence	terpene	Terpene		
AZWL01000044.1.region001	AZWL01000044.1	AZWL01000044.1 Streptomyces sp. CNH099 B121DRAFT_scaffold_38.39_C, whole genome shotgun sequence	terpene	Terpene		
AZWL01000052.1.region001	AZWL01000052.1	AZWL01000052.1 Streptomyces sp. CNH099 B121DRAFT_scaffold_46.47_C, whole genome shotgun sequence	terpene	Terpene		
AZWL01000085.1.region001	AZWL01000085.1	AZWL01000085.1 Streptomyces sp. CNH099 B121DRAFT_scaffold_79.80_C, whole genome shotgun sequence	terpene	Terpene		
AZWZ01000001.1.region001	AZWZ01000001.1	AZWZ01000001.1 Streptomyces sp. CNT371 B105DRAFT_scaffold_0.1_C, whole genome shotgun sequence	terpene	Terpene		
AZWZ01000002.1.region001	AZWZ01000002.1	AZWZ01000002.1 Streptomyces sp. CNT371 B105DRAFT_scaffold_1.2_C, whole genome shotgun sequence	terpene	Terpene		
AZWZ01000009.1.region001	AZWZ01000009.1	AZWZ01000009.1 Streptomyces sp. CNT371 B105DRAFT_scaffold_5.6_C, whole genome shotgun sequence	terpene	Terpene		
AZWZ01000019.1.region001	AZWZ01000019.1	AZWZ01000019.1 Streptomyces sp. CNT371 B105DRAFT_scaffold_15.16_C, whole genome shotgun sequence	terpene	Terpene		
AZWZ01000029.1.region001	AZWZ01000029.1	AZWZ01000029.1 Streptomyces sp. CNT371 B105DRAFT_scaffold_25.26_C, whole genome shotgun sequence	terpene	Terpene		
AZWZ01000031.1.region001	AZWZ01000031.1	AZWZ01000031.1 Streptomyces sp. CNT371 B105DRAFT_scaffold_27.28_C, whole genome shotgun sequence	terpene	Terpene		
AZWZ01000049.1.region001	AZWZ01000049.1	AZWZ01000049.1 Streptomyces sp. CNT371 B105DRAFT_scaffold_45.46_C, whole genome shotgun sequence	terpene	Terpene		
AZWZ01000059.1.region001	AZWZ01000059.1	AZWZ01000059.1 Streptomyces sp. CNT371 B105DRAFT_scaffold_55.56_C, whole genome shotgun sequence	terpene	Terpene		
AZWZ01000060.1.region001	AZWZ01000060.1	AZWZ01000060.1 Streptomyces sp. CNT371 B105DRAFT_scaffold_56.57_C, whole genome shotgun sequence	terpene.T3PKS	Others		
AZXC01000009.1.region002	AZXC01000009.1	AZXC01000009.1 Streptomyces sp. CNR698 B101DRAFT_scaffold_6.7_C, whole genome shotgun sequence	terpene	Terpene		
AZXC01000014.1.region001	AZXC01000014.1	AZXC01000014.1 Streptomyces sp. CNR698 B101DRAFT_scaffold_11.12_C, whole genome shotgun sequence	terpene	Terpene		
AZXC01000014.1.region002	AZXC01000014.1	AZXC01000014.1 Streptomyces sp. CNR698 B101DRAFT_scaffold_11.12_C, whole genome shotgun sequence	terpene	Terpene		
AZXC01000017.1.region002	AZXC01000017.1	AZXC01000017.1 Streptomyces sp. CNR698 B101DRAFT_scaffold_14.15_C, whole genome shotgun sequence	terpene	Terpene		
BA000019.2.region002	BA000019.2	BA000019.2 Nostoc sp. PCC 7120 DNA, complete genome	terpene	Terpene		
BA000019.2.region006	BA000019.2	BA000019.2 Nostoc sp. PCC 7120 DNA, complete genome	terpene	Terpene		
BA000019.2.region007	BA000019.2	BA000019.2 Nostoc sp. PCC 7120 DNA, complete genome	terpene	Terpene		
BA000019.2.region012	BA000019.2	BA000019.2 Nostoc sp. PCC 7120 DNA, complete genome	terpene	Terpene		
BEYQ01000006.1.region001	BEYQ01000006.1	BEYQ01000006.1 Microcystis aeruginosa NIES-298 DNA, sequence06, whole genome shotgun sequence	terpene	Terpene		
BEYQ01000009.1.region001	BEYQ01000009.1	BEYQ01000009.1 Microcystis aeruginosa NIES-298 DNA, sequence09, whole genome shotgun sequence	terpene	Terpene		
BEYQ01000011.1.region002	BEYQ01000011.1	BEYQ01000011.1 Microcystis aeruginosa NIES-298 DNA, sequence11, whole genome shotgun sequence	terpene	Terpene		
BGC0000168.1	BGC0000168.1	Viridicatumtoxin biosynthetic gene cluster	t1pks.terpene	Others	Penicillium aethiopicum	Eukaryota,Fungi,Dikarya,Ascomycota,Pezizomycotina,Eurotiomycetes,Eurotiomycetidae,Eurotiales,Aspergillaceae,Penicillium
BGC0000293.1	BGC0000293.1	Acetylaszonalenin biosynthetic gene cluster	nrps.terpene	Others	Neosartorya fischeri NRRL 181	Eukaryota,Fungi,Dikarya,Ascomycota,Pezizomycotina,Eurotiomycetes,Eurotiomycetidae,Eurotiales,Aspergillaceae,Neosartorya
BGC0000356.1	BGC0000356.1	Fumitremorgin biosynthetic gene cluster	nrps.terpene	Others	Aspergillus fumigatus	Eukaryota,Fungi,Dikarya,Ascomycota,Pezizomycotina,Eurotiomycetes,Eurotiomycetidae,Eurotiales,Aspergillaceae,Aspergillus
BGC0000372.1	BGC0000372.1	Hexadehydro-astechrome (HAS) biosynthetic gene cluster	nrps.terpene	Others	Aspergillus fumigatus Af293	Eukaryota,Fungi,Dikarya,Ascomycota,Pezizomycotina,Eurotiomycetes,Eurotiomycetidae,Eurotiales,Aspergillaceae,Aspergillus
BGC0000420.1	BGC0000420.1	Roquefortine C / meleagrin biosynthetic gene cluster	nrps.terpene	Others	Penicillium rubens Wisconsin 54-1255	Eukaryota,Fungi,Dikarya,Ascomycota,Pezizomycotina,Eurotiomycetes,Eurotiomycetidae,Eurotiales,Aspergillaceae,Penicillium,Penicillium chrysogenum complex
BGC0000442.1	BGC0000442.1	Terrequinone biosynthetic gene cluster	terpene	Terpene	Aspergillus nidulans FGSC A4	Eukaryota,Fungi,Dikarya,Ascomycota,Pezizomycotina,Eurotiomycetes,Eurotiomycetidae,Eurotiales,Aspergillaceae,Aspergillus
BGC0000611.1	BGC0000611.1	Siomycin biosynthetic gene cluster	terpene.thiopeptide	Others	Streptomyces sioyaensis	Bacteria,Actinobacteria,Actinobacteridae,Actinomycetales,Streptomycineae,Streptomycetaceae,Streptomyces
BGC0000629.1	BGC0000629.1	Aflatrem biosynthetic gene cluster	terpene	Terpene	Aspergillus flavus	Eukaryota,Fungi,Dikarya,Ascomycota,Pezizomycotina,Eurotiomycetes,Eurotiomycetidae,Eurotiales,Aspergillaceae,Aspergillus
BGC0000630.1	BGC0000630.1	Astaxanthin biosynthetic gene cluster	terpene	Terpene	Paracoccus haeundaensis	Bacteria,Proteobacteria,Alphaproteobacteria,Rhodobacterales,Rhodobacteraceae,Paracoccus
BGC0000631.1	BGC0000631.1	Botrydial biosynthetic gene cluster	terpene	Terpene	Botrytis cinerea B05.10	Eukaryota,Fungi,Dikarya,Ascomycota,Pezizomycotina,Leotiomycetes,Helotiales,Sclerotiniaceae,Botrytis
BGC0000632.1	BGC0000632.1	Brasilicardin A biosynthetic gene cluster	terpene	Terpene	Nocardia brasiliensis	Bacteria,Actinobacteria,Actinobacteridae,Actinomycetales,Corynebacterineae,Nocardiaceae,Nocardia
BGC0000633.1	BGC0000633.1	Carotenoid biosynthetic gene cluster	terpene	Terpene	Streptomyces avermitilis	Bacteria,Actinobacteria,Actinobacteridae,Actinomycetales,Streptomycineae,Streptomycetaceae,Streptomyces
BGC0000634.1	BGC0000634.1	Carotenoid biosynthetic gene cluster	terpene	Terpene	Brevundimonas sp. SD212	Bacteria,Proteobacteria,Alphaproteobacteria,Caulobacterales,Caulobacteraceae,Brevundimonas
BGC0000635.1	BGC0000635.1	Carotenoid biosynthetic gene cluster	terpene	Terpene	Paracoccus sp. N81106	Bacteria,Proteobacteria,Alphaproteobacteria,Rhodobacterales,Rhodobacteraceae,Paracoccus
BGC0000636.1	BGC0000636.1	Carotenoid biosynthetic gene cluster	terpene	Terpene	Brevibacterium linens	Bacteria,Actinobacteria,Actinobacteridae,Actinomycetales,Micrococcineae,Brevibacteriaceae,Brevibacterium
BGC0000637.1	BGC0000637.1	Carotenoid biosynthetic gene cluster	terpene	Terpene	Corynebacterium glutamicum	Bacteria,Actinobacteria,Actinobacteridae,Actinomycetales,Corynebacterineae,Corynebacteriaceae,Corynebacterium
BGC0000638.1	BGC0000638.1	Carotenoid biosynthetic gene cluster	terpene	Terpene	Pantoea ananatis	Bacteria,Proteobacteria,Gammaproteobacteria,Enterobacteriales,Enterobacteriaceae,Pantoea
BGC0000639.1	BGC0000639.1	Carotenoid biosynthetic gene cluster	terpene	Terpene	Enterobacteriaceae bacterium DC260	Bacteria,Proteobacteria,Gammaproteobacteria,Enterobacteriales,Enterobacteriaceae
BGC0000640.1	BGC0000640.1	Carotenoid biosynthetic gene cluster	terpene	Terpene	Enterobacteriaceae bacterium DC404	Bacteria,Proteobacteria,Gammaproteobacteria,Enterobacteriales,Enterobacteriaceae
BGC0000641.1	BGC0000641.1	Carotenoid biosynthetic gene cluster	terpene	Terpene	Enterobacteriaceae bacterium DC416	Bacteria,Proteobacteria,Gammaproteobacteria,Enterobacteriales,Enterobacteriaceae
BGC0000642.1	BGC0000642.1	Carotenoid biosynthetic gene cluster	terpene	Terpene	Enterobacteriaceae bacterium DC413	Bacteria,Proteobacteria,Gammaproteobacteria,Enterobacteriales,Enterobacteriaceae
BGC0000643.1	BGC0000643.1	Carotenoid biosynthetic gene cluster	terpene	Terpene	Brevundimonas vesicularis	Bacteria,Proteobacteria,Alphaproteobacteria,Caulobacterales,Caulobacteraceae,Brevundimonas
BGC0000644.1	BGC0000644.1	Carotenoid biosynthetic gene cluster	terpene	Terpene	Dietzia sp. CQ4	Bacteria,Actinobacteria,Actinobacteridae,Actinomycetales,Corynebacterineae,Dietziaceae,Dietzia
BGC0000645.1	BGC0000645.1	Carotenoid biosynthetic gene cluster	terpene	Terpene	Halobacillus halophilus DSM 2266	Bacteria,Firmicutes,Bacilli,Bacillales,Bacillaceae,Halobacillus
BGC0000646.1	BGC0000646.1	Carotenoid biosynthetic gene cluster	terpene	Terpene	uncultured bacterium	Bacteria,environmental samples
BGC0000647.1	BGC0000647.1	Carotenoid biosynthetic gene cluster	terpene	Terpene	Rhodobacter sphaeroides	Bacteria,Proteobacteria,Alphaproteobacteria,Rhodobacterales,Rhodobacteraceae,Rhodobacter
BGC0000648.1	BGC0000648.1	Carotenoid biosynthetic gene cluster	terpene	Terpene	Myxococcus xanthus	Bacteria,Proteobacteria,Deltaproteobacteria,Myxococcales,Cystobacterineae,Myxococcaceae,Myxococcus
BGC0000649.1	BGC0000649.1	Carotenoid biosynthetic gene cluster	terpene	Terpene	Streptomyces griseus subsp. griseus NBRC 13350	Bacteria,Actinobacteria,Actinobacteridae,Actinomycetales,Streptomycineae,Streptomycetaceae,Streptomyces
BGC0000650.1	BGC0000650.1	Carotenoid biosynthetic gene cluster	terpene	Terpene	Algoriphagus sp. KK10202C	Bacteria,Bacteroidetes,Cytophagia,Cytophagales,Cyclobacteriaceae,Algoriphagus
BGC0000651.1	BGC0000651.1	KS-505a biosynthetic gene cluster	terpene	Terpene	Streptomyces argenteolus	Bacteria,Actinobacteria,Actinobacteridae,Actinomycetales,Streptomycineae,Streptomycetaceae,Streptomyces
BGC0000652.1	BGC0000652.1	Napyradiomycin biosynthetic gene cluster	terpene.t3pks	Others	Streptomyces sp. CNQ525	Bacteria,Actinobacteria,Actinobacteridae,Actinomycetales,Streptomycineae,Streptomycetaceae,Streptomyces
BGC0000653.1	BGC0000653.1	Pentalenolactone biosynthetic gene cluster	terpene	Terpene	Streptomyces arenae	Bacteria,Actinobacteria,Actinobacteridae,Actinomycetales,Streptomycineae,Streptomycetaceae,Streptomyces
BGC0000654.1	BGC0000654.1	Phenalinolactone biosynthetic gene cluster	terpene	Terpene	Streptomyces sp. Tu6071	Bacteria,Actinobacteria,Actinobacteridae,Actinomycetales,Streptomycineae,Streptomycetaceae,Streptomyces
BGC0000655.1	BGC0000655.1	Siomycin biosynthetic gene cluster	terpene.thiopeptide	Others	Streptomyces sioyaensis	Bacteria,Actinobacteria,Actinobacteridae,Actinomycetales,Streptomycineae,Streptomycetaceae,Streptomyces
BGC0000656.1	BGC0000656.1	Zeaxanthin biosynthetic gene cluster	terpene	Terpene	Xanthobacter autotrophicus Py2	Bacteria,Proteobacteria,Alphaproteobacteria,Rhizobiales,Xanthobacteraceae,Xanthobacter
BGC0000657.1	BGC0000657.1	2-methylisoborneol biosynthetic gene cluster	terpene	Terpene	Pseudanabaena sp. dqh15	Bacteria,Cyanobacteria,Oscillatoriophycideae,Oscillatoriales,Pseudanabaena
BGC0000658.1	BGC0000658.1	2-methylisoborneol biosynthetic gene cluster	terpene	Terpene	Streptomyces griseus subsp. griseus NBRC 13350	Bacteria,Actinobacteria,Actinobacteridae,Actinomycetales,Streptomycineae,Streptomycetaceae,Streptomyces
BGC0000659.1	BGC0000659.1	2-methylisoborneol biosynthetic gene cluster	terpene	Terpene	Saccharopolyspora erythraea NRRL 2338	Bacteria,Actinobacteria,Actinobacteridae,Actinomycetales,Pseudonocardineae,Pseudonocardiaceae,Saccharopolyspora
BGC0000660.1	BGC0000660.1	Albaflavenone biosynthetic gene cluster	terpene	Terpene	Streptomyces coelicolor A3(2)	Bacteria,Actinobacteria,Actinobacteridae,Actinomycetales,Streptomycineae,Streptomycetaceae,Streptomyces,Streptomyces albidoflavus group
BGC0000661.1	BGC0000661.1	Geosmin biosynthetic gene cluster	terpene	Terpene	Nostoc punctiforme PCC 73102	Bacteria,Cyanobacteria,Nostocales,Nostocaceae,Nostoc
BGC0000663.1	BGC0000663.1	Hopene biosynthetic gene cluster	terpene	Terpene	Streptomyces coelicolor A3(2)	Bacteria,Actinobacteria,Actinobacteridae,Actinomycetales,Streptomycineae,Streptomycetaceae,Streptomyces,Streptomyces albidoflavus group
BGC0000664.1	BGC0000664.1	Isorenieratene biosynthetic gene cluster	terpene	Terpene	Streptomyces griseus subsp. griseus NBRC 13350	Bacteria,Actinobacteria,Actinobacteridae,Actinomycetales,Streptomycineae,Streptomycetaceae,Streptomyces
BGC0000667.1	BGC0000667.1	PR toxin biosynthetic gene cluster	terpene	Terpene	Penicillium roqueforti FM164	Eukaryota,Fungi,Dikarya,Ascomycota,Pezizomycotina,Eurotiomycetes,Eurotiomycetidae,Eurotiales,Aspergillaceae,Penicillium
BGC0000669.1	BGC0000669.1	Marneral biosynthetic gene cluster	terpene	Terpene	Arabidopsis thaliana	Eukaryota,Viridiplantae,Streptophyta,Embryophyta,Tracheophyta,Spermatophyta,Magnoliophyta,eudicotyledons,Gunneridae,Pentapetalae,rosids,malvids,Brassicales,Brassicaceae,Camelineae,Arabidopsis
BGC0000671.1	BGC0000671.1	Momilactone biosynthetic gene cluster	terpene	Terpene	Oryza sativa Japonica Group	Eukaryota,Viridiplantae,Streptophyta,Embryophyta,Tracheophyta,Spermatophyta,Magnoliophyta,Liliopsida,Poales,Poaceae,BEP clade,Ehrhartoideae,Oryzeae,Oryza
BGC0000672.1	BGC0000672.1	Phytocassane / oryzalides biosynthetic gene cluster	terpene	Terpene	Oryza sativa Japonica Group	Eukaryota,Viridiplantae,Streptophyta,Embryophyta,Tracheophyta,Spermatophyta,Magnoliophyta,Liliopsida,Poales,Poaceae,BEP clade,Ehrhartoideae,Oryzeae,Oryza
BGC0000674.1	BGC0000674.1	(-)-delta-cadinene biosynthetic gene cluster	terpene	Terpene	Streptomyces clavuligerus ATCC 27064	Bacteria,Actinobacteria,Actinobacteridae,Actinomycetales,Streptomycineae,Streptomycetaceae,Streptomyces
BGC0000675.1	BGC0000675.1	(+)-T-muurolol biosynthetic gene cluster	terpene	Terpene	Streptomyces clavuligerus ATCC 27064	Bacteria,Actinobacteria,Actinobacteridae,Actinomycetales,Streptomycineae,Streptomycetaceae,Streptomyces
BGC0000676.1	BGC0000676.1	Aphidicolin biosynthetic gene cluster	terpene	Terpene	Phoma betae	Eukaryota,Fungi,Dikarya,Ascomycota,Pezizomycotina,Dothideomycetes,Pleosporomycetidae,Pleosporales,Pleosporineae,Didymellaceae,mitosporic Didymellaceae,Phoma
BGC0000678.1	BGC0000678.1	Pentalenolactone biosynthetic gene cluster	terpene	Terpene	Streptomyces avermitilis MA-4680 = NBRC 14893	Bacteria,Actinobacteria,Actinobacteridae,Actinomycetales,Streptomycineae,Streptomycetaceae,Streptomyces
BGC0000685.1	BGC0000685.1	Brassicicene C biosynthetic gene cluster	terpene	Terpene	Alternaria brassicicola ATCC 96836	Eukaryota,Fungi,Dikarya,Ascomycota,Pezizomycotina,Dothideomycetes,Pleosporomycetidae,Pleosporales,Pleosporineae,Pleosporaceae,Alternaria
BGC0000688.1	BGC0000688.1	Copalyl diphosphate biosynthetic gene cluster	terpene	Terpene	Diaporthe amygdali	Eukaryota,Fungi,Dikarya,Ascomycota,Pezizomycotina,Sordariomycetes,Sordariomycetidae,Diaporthales,Diaporthaceae,Diaporthe
BGC0000811.1	BGC0000811.1	Fumigaclavine C biosynthetic gene cluster	terpene	Terpene	Aspergillus fumigatus Af293	Eukaryota,Fungi,Dikarya,Ascomycota,Pezizomycotina,Eurotiomycetes,Eurotiomycetidae,Eurotiales,Aspergillaceae,Aspergillus
BGC0000816.1	BGC0000816.1	Malbrancheamide biosynthetic gene cluster	nrps.terpene	Others	Malbranchea aurantiaca	Eukaryota,Fungi,Dikarya,Ascomycota,Pezizomycotina,Eurotiomycetes,Eurotiomycetidae,Onygenales,mitosporic Onygenales,Malbranchea
BGC0000818.1	BGC0000818.1	Notoamide biosynthetic gene cluster	nrps.terpene	Others	Aspergillus versicolor	Eukaryota,Fungi,Dikarya,Ascomycota,Pezizomycotina,Eurotiomycetes,Eurotiomycetidae,Eurotiales,Aspergillaceae,Aspergillus
BGC0000819.1	BGC0000819.1	Paraherquamide biosynthetic gene cluster	nrps.terpene	Others	Penicillium fellutanum	Eukaryota,Fungi,Dikarya,Ascomycota,Pezizomycotina,Eurotiomycetes,Eurotiomycetidae,Eurotiales,Aspergillaceae,Penicillium
BGC0000930.1	BGC0000930.1	Trichothecene biosynthetic gene cluster	terpene	Terpene	Fusarium graminearum	Eukaryota,Fungi,Dikarya,Ascomycota,Pezizomycotina,Sordariomycetes,Hypocreomycetidae,Hypocreales,Nectriaceae,Fusarium
BGC0000931.1	BGC0000931.1	Trichothecene biosynthetic gene cluster	terpene	Terpene	Fusarium graminearum	Eukaryota,Fungi,Dikarya,Ascomycota,Pezizomycotina,Sordariomycetes,Hypocreomycetidae,Hypocreales,Nectriaceae,Fusarium
BGC0000977.1	BGC0000977.1	Cyclopiazonic acid biosynthetic gene cluster	t1pks.nrps.terpene	Others	Aspergillus oryzae	Eukaryota,Fungi,Dikarya,Ascomycota,Pezizomycotina,Eurotiomycetes,Eurotiomycetidae,Eurotiales,Aspergillaceae,Aspergillus
BGC0000992.1	BGC0000992.1	Fusaridione A biosynthetic gene cluster	t1pks.nrps.terpene	Others	Fusarium heterosporum	Eukaryota,Fungi,Dikarya,Ascomycota,Pezizomycotina,Sordariomycetes,Hypocreomycetidae,Hypocreales,Nectriaceae,Fusarium
BGC0001044.1	BGC0001044.1	Sirodesmin biosynthetic gene cluster	nrps.t1pks.terpene	Others	Leptosphaeria maculans	Eukaryota,Fungi,Dikarya,Ascomycota,Pezizomycotina,Dothideomycetes,Pleosporomycetidae,Pleosporales,Pleosporineae,Leptosphaeriaceae,Leptosphaeria,Leptosphaeria maculans complex
BGC0001046.1	BGC0001046.1	Streptolydigin biosynthetic gene cluster	t1pks.nrps.terpene	Others	Streptomyces lydicus	Bacteria,Actinobacteria,Actinobacteridae,Actinomycetales,Streptomycineae,Streptomycetaceae,Streptomyces
BGC0001078.1	BGC0001078.1	Furaquinocin A biosynthetic gene cluster	terpene.t3pks	Others	Streptomyces sp. KO-3988	Bacteria,Actinobacteria,Actinobacteridae,Actinomycetales,Streptomycineae,Streptomycetaceae,Streptomyces
BGC0001079.1	BGC0001079.1	Napyradiomycin biosynthetic gene cluster	terpene.t3pks	Others	Streptomyces aculeolatus	Bacteria,Actinobacteria,Actinobacteridae,Actinomycetales,Streptomycineae,Streptomycetaceae,Streptomyces
BGC0001081.1	BGC0001081.1	Lolitrem biosynthetic gene cluster	terpene	Terpene	Epichloe festucae var. lolii	Eukaryota,Fungi,Dikarya,Ascomycota,Pezizomycotina,Sordariomycetes,Hypocreomycetidae,Hypocreales,Clavicipitaceae,Epichloe
BGC0001082.1	BGC0001082.1	Paxilline biosynthetic gene cluster	terpene	Terpene	Penicillium paxilli	Eukaryota,Fungi,Dikarya,Ascomycota,Pezizomycotina,Eurotiomycetes,Eurotiomycetidae,Eurotiales,Aspergillaceae,Penicillium
BGC0001083.1	BGC0001083.1	Merochlorin biosynthetic gene cluster	nrps.terpene.t3pks.butyrolactone	Others	Streptomyces sp. CNH189	Bacteria,Actinobacteria,Actinobacteridae,Actinomycetales,Streptomycineae,Streptomycetaceae,Streptomyces
BGC0001084.1	BGC0001084.1	Notoamide / stephacidin biosynthetic gene cluster	nrps.terpene	Others	Aspergillus sp. MF297-2	Eukaryota,Fungi,Dikarya,Ascomycota,Pezizomycotina,Eurotiomycetes,Eurotiomycetidae,Eurotiales,Aspergillaceae,Aspergillus
BGC0001086.1	BGC0001086.1	Astaxanthin dideoxyglycoside biosynthetic gene cluster	terpene	Terpene	Sphingomonas sp. PB304	Bacteria,Proteobacteria,Alphaproteobacteria,Sphingomonadales,Sphingomonadaceae,Sphingomonas
BGC0001087.1	BGC0001087.1	Sioxanthin biosynthetic gene cluster	terpene	Terpene	Salinispora tropica CNB-440	Bacteria,Actinobacteria,Actinobacteridae,Actinomycetales,Micromonosporineae,Micromonosporaceae,Salinispora
BGC0001144.1	BGC0001144.1	Neosartoricin biosynthetic gene cluster	t1pks.terpene	Others	Trichophyton tonsurans CBS 112818	Eukaryota,Fungi,Dikarya,Ascomycota,Pezizomycotina,Eurotiomycetes,Eurotiomycetidae,Onygenales,Arthrodermataceae,Trichophyton
BGC0001201.1	BGC0001201.1	(+)-eremophilene biosynthetic gene cluster	terpene	Terpene	Sorangium cellulosum So ce56	Bacteria,Proteobacteria,Deltaproteobacteria,Myxococcales,Sorangiineae,Polyangiaceae,Sorangium
BGC0001205.1	BGC0001205.1	Communesin biosynthetic gene cluster	t1pks.terpene	Others	Penicillium expansum	Eukaryota,Fungi,Dikarya,Ascomycota,Pezizomycotina,Eurotiomycetes,Eurotiomycetidae,Eurotiales,Aspergillaceae,Penicillium
BGC0001227.1	BGC0001227.1	Isorenieratene biosynthetic gene cluster	terpene	Terpene	Streptomyces collinus Tu 365	Bacteria,Actinobacteria,Streptomycetales,Streptomycetaceae,Streptomyces
BGC0001241.1	BGC0001241.1	Ergotamine biosynthetic gene cluster	terpene	Terpene	Claviceps fusiformis	Eukaryota,Fungi,Dikarya,Ascomycota,Pezizomycotina,Sordariomycetes,Hypocreomycetidae,Hypocreales,Clavicipitaceae,Claviceps
BGC0001260.1	BGC0001260.1	Terpendole E biosynthetic gene cluster	terpene	Terpene	Tolypocladium album	Eukaryota,Fungi,Dikarya,Ascomycota,Pezizomycotina,Sordariomycetes,Hypocreomycetidae,Hypocreales,Ophiocordycipitaceae,Tolypocladium
BGC0001267.1	BGC0001267.1	Lysergic acid / elymoclavine biosynthetic gene cluster	terpene	Terpene	Claviceps fusiformis	Eukaryota,Fungi,Dikarya,Ascomycota,Pezizomycotina,Sordariomycetes,Hypocreomycetidae,Hypocreales,Clavicipitaceae,Claviceps
BGC0001270.1	BGC0001270.1	Gibberellin A3 / gibberellin A1 / gibberellin A7 / gibberellin A4 / gibberellin A9 biosynthetic gene cluster	terpene	Terpene	Fusarium fujikuroi	Eukaryota,Fungi,Dikarya,Ascomycota,Pezizomycotina,Sordariomycetes,Hypocreomycetidae,Hypocreales,Nectriaceae,Fusarium,Fusarium fujikuroi species complex
BGC0001271.1	BGC0001271.1	Emericellin biosynthetic gene cluster	t1pks.terpene	Others	Aspergillus nidulans FGSC A4	Eukaryota,Fungi,Dikarya,Ascomycota,Pezizomycotina,Eurotiomycetes,Eurotiomycetidae,Eurotiales,Aspergillaceae,Aspergillus
BGC0001277.1	BGC0001277.1	Nivalenol / deoxynivalenol / 3-acetyldeoxynivalenol / 15-acetyldeoxynivalenol / neosolaniol / calonectrin / apotrichodiol / isotrichotriol / 15-decalonectrin / T-2 Toxin / 3-acetyl T-2 toxin / trichodiene biosynthetic gene cluster	terpene	Terpene	Fusarium graminearum	Eukaryota,Fungi,Dikarya,Ascomycota,Pezizomycotina,Sordariomycetes,Hypocreomycetidae,Hypocreales,Nectriaceae,Fusarium
BGC0001278.1	BGC0001278.1	Nivalenol / deoxynivalenol / 3-acetyldeoxynivalenol / 15-acetyldeoxynivalenol / neosolaniol / calonectrin / apotrichodiol / isotrichotriol / 15-decalonectrin / T-2 Toxin / 3-acetyl T-2 toxin / trichodiene biosynthetic gene cluster	terpene	Terpene	Fusarium sporotrichioides	Eukaryota,Fungi,Dikarya,Ascomycota,Pezizomycotina,Sordariomycetes,Hypocreomycetidae,Hypocreales,Nectriaceae,Fusarium
BGC0001279.1	BGC0001279.1	Deoxysambucinol / sambucinol / roridin E biosynthetic gene cluster	terpene	Terpene	Myrothecium roridum	Eukaryota,Fungi,Dikarya,Ascomycota,Pezizomycotina,Sordariomycetes,Hypocreomycetidae,Hypocreales,Stachybotriaceae,Myrothecium
BGC0001321.1	BGC0001321.1	Monoterpenes-diterpenes biosynthetic gene cluster	terpene	Terpene	Solanum habrochaites	Eukaryota,Viridiplantae,Streptophyta,Embryophyta,Tracheophyta,Spermatophyta,Magnoliophyta,eudicotyledons,Gunneridae,Pentapetalae,asterids,lamiids,Solanales,Solanaceae,Solanoideae,Solaneae,Solanum,Lycopersicon
BGC0001322.1	BGC0001322.1	Lycosantalonol biosynthetic gene cluster	terpene	Terpene	Solanum lycopersicum	Eukaryota,Viridiplantae,Streptophyta,Embryophyta,Tracheophyta,Spermatophyta,Magnoliophyta,eudicotyledons,Gunneridae,Pentapetalae,asterids,lamiids,Solanales,Solanaceae,Solanoideae,Solaneae,Solanum,Lycopersicon
BGC0001323.1	BGC0001323.1	Monoterpenes-diterpenes biosynthetic gene cluster	terpene	Terpene	Solanum pennellii	Eukaryota,Viridiplantae,Streptophyta,Embryophyta,Tracheophyta,Spermatophyta,Magnoliophyta,eudicotyledons,Gunneridae,Pentapetalae,asterids,lamiids,Solanales,Solanaceae,Solanoideae,Solaneae,Solanum,Lycopersicon
BGC0001324.1	BGC0001324.1	Monoterpenes-diterpenes biosynthetic gene cluster	terpene	Terpene	Solanum pimpinellifolium	Eukaryota,Viridiplantae,Streptophyta,Embryophyta,Tracheophyta,Spermatophyta,Magnoliophyta,eudicotyledons,Gunneridae,Pentapetalae,asterids,lamiids,Solanales,Solanaceae,Solanoideae,Solaneae,Solanum,Lycopersicon
BGC0001330.1	BGC0001330.1	BE-43547 A1-C2 biosynthetic gene cluster	t1pks.nrps.terpene	Others	Micromonospora sp. RV43	Bacteria,Actinobacteria,Micromonosporales,Micromonosporaceae,Micromonospora
BGC0001339.1	BGC0001339.1	Squalestatin S1 biosynthetic gene cluster	t1pks.terpene	Others	Phoma sp. MF5453	Eukaryota,Fungi,Dikarya,Ascomycota,Pezizomycotina,Dothideomycetes,Pleosporomycetidae,Pleosporales,Pleosporineae,Didymellaceae,Phoma
BGC0001361.1	BGC0001361.1	Sodorifen biosynthetic gene cluster	terpene	Terpene	Serratia plymuthica 4Rx13	Bacteria,Proteobacteria,Gammaproteobacteria,Enterobacteriales,Enterobacteriaceae,Serratia
BGC0001365.1	BGC0001365.1	Clapurines biosynthetic gene cluster	nrps.terpene	Others	Claviceps purpurea 20.1	Eukaryota,Fungi,Dikarya,Ascomycota,Pezizomycotina,Sordariomycetes,Hypocreomycetidae,Hypocreales,Clavicipitaceae,Claviceps
BGC0001372.1	BGC0001372.1	Penigequinolone biosynthetic gene cluster	nrps.terpene	Others	Penicillium thymicola	Eukaryota,Fungi,Dikarya,Ascomycota,Pezizomycotina,Eurotiomycetes,Eurotiomycetidae,Eurotiales,Aspergillaceae,Penicillium
BGC0001373.1	BGC0001373.1	Sordarin biosynthetic gene cluster	t1pks.terpene	Others	Sordaria araneosa	Eukaryota,Fungi,Dikarya,Ascomycota,Pezizomycotina,Sordariomycetes,Sordariomycetidae,Sordariales,Sordariaceae,Sordaria
BGC0001375.1	BGC0001375.1	Penitrem biosynthetic gene cluster	terpene	Terpene	Penicillium simplicissimum	Eukaryota,Fungi,Dikarya,Ascomycota,Pezizomycotina,Eurotiomycetes,Eurotiomycetidae,Eurotiales,Aspergillaceae,Penicillium
BGC0001475.1	BGC0001475.1	Aspterric acid biosynthetic gene cluster	terpene	Terpene	Aspergillus terreus NIH2624	Eukaryota,Fungi,Dikarya,Ascomycota,Pezizomycotina,Eurotiomycetes,Eurotiomycetidae,Eurotiales,Aspergillaceae,Aspergillus
BGC0001580.1	BGC0001580.1	Ebelactone biosynthetic gene cluster	t1pks.terpene	Others	Kitasatospora aburaviensis	Bacteria,Actinobacteria,Streptomycetales,Streptomycetaceae,Kitasatospora
BGC0001604.1	BGC0001604.1	Gibberellin biosynthetic gene cluster	terpene	Terpene	Fusarium fujikuroi	Eukaryota,Fungi,Dikarya,Ascomycota,Pezizomycotina,Sordariomycetes,Hypocreomycetidae,Hypocreales,Nectriaceae,Fusarium,Fusarium fujikuroi species complex
BGC0001613.1	BGC0001613.1	Harzianum B biosynthetic gene cluster	terpene	Terpene	Trichoderma hypoxylon	Eukaryota,Fungi,Dikarya,Ascomycota,Pezizomycotina,Sordariomycetes,Hypocreomycetidae,Hypocreales,Hypocreaceae,Trichoderma
BGC0001617.1	BGC0001617.1	Hirsutene biosynthetic gene cluster	terpene	Terpene	Stereum hirsutum FP-91666 SS1	Eukaryota,Fungi,Dikarya,Basidiomycota,Agaricomycotina,Agaricomycetes,Russulales,Stereaceae,Stereum
BGC0001624.1	BGC0001624.1	Iso-A82775C biosynthetic gene cluster	terpene	Terpene	Pestalotiopsis fici	Eukaryota,Fungi,Dikarya,Ascomycota,Pezizomycotina,Sordariomycetes,Xylariomycetidae,Xylariales,Sporocadaceae,Pestalotiopsis
BGC0001642.1	BGC0001642.1	Koraiol biosynthetic gene cluster	terpene	Terpene	Fusarium fujikuroi IMI 58289	Eukaryota,Fungi,Dikarya,Ascomycota,Pezizomycotina,Sordariomycetes,Hypocreomycetidae,Hypocreales,Nectriaceae,Fusarium,Fusarium fujikuroi species complex
BGC0001646.1	BGC0001646.1	Lagriamide biosynthetic gene cluster	nrps.transatpks.terpene	Others	Burkholderia gladioli	Bacteria,Proteobacteria,Betaproteobacteria,Burkholderiales,Burkholderiaceae,Burkholderia
BGC0001706.1	BGC0001706.1	Nodulisporic acid F biosynthetic gene cluster	terpene	Terpene	Hypoxylon pulicicidum	Eukaryota,Fungi,Dikarya,Ascomycota,Pezizomycotina,Sordariomycetes,Xylariomycetidae,Xylariales,Hypoxylaceae,Hypoxylon
BGC0001712.1	BGC0001712.1	Ochrindol biosynthetic gene cluster	terpene	Terpene	Aspergillus steynii IBT 23096	Eukaryota,Fungi,Dikarya,Ascomycota,Pezizomycotina,Eurotiomycetes,Eurotiomycetidae,Eurotiales,Aspergillaceae,Aspergillus
BGC0001717.1	BGC0001717.1	Okaramine B biosynthetic gene cluster	nrps.terpene	Others	Penicillium simplicissimum	Eukaryota,Fungi,Dikarya,Ascomycota,Pezizomycotina,Eurotiomycetes,Eurotiomycetidae,Eurotiales,Aspergillaceae,Penicillium
BGC0001718.1	BGC0001718.1	Okaramine B / okaramine D biosynthetic gene cluster	nrps.terpene	Others	Aspergillus aculeatus ATCC 16872	Eukaryota,Fungi,Dikarya,Ascomycota,Pezizomycotina,Eurotiomycetes,Eurotiomycetidae,Eurotiales,Aspergillaceae,Aspergillus
BGC0001746.1	BGC0001746.1	Pristinol biosynthetic gene cluster	terpene	Terpene	Streptomyces pristinaespiralis ATCC 25486	Bacteria,Actinobacteria,Streptomycetales,Streptomycetaceae,Streptomyces
BGC0001756.1	BGC0001756.1	Retigeranin / arathanatriene biosynthetic gene cluster	terpene	Terpene	Arabidopsis thaliana	Eukaryota,Viridiplantae,Streptophyta,Embryophyta,Tracheophyta,Spermatophyta,Magnoliophyta,eudicotyledons,Gunneridae,Pentapetalae,rosids,malvids,Brassicales,Brassicaceae,Camelineae,Arabidopsis
BGC0001775.1	BGC0001775.1	Sespendole biosynthetic gene cluster	terpene	Terpene	Cordana terrestris	Eukaryota,Fungi,Dikarya,Ascomycota,Pezizomycotina,Sordariomycetes,Sordariomycetidae,Sordariomycetidae incertae sedis,Cordana
BGC0001776.1	BGC0001776.1	Shearinine D biosynthetic gene cluster	terpene	Terpene	Penicillium janthinellum	Eukaryota,Fungi,Dikarya,Ascomycota,Pezizomycotina,Eurotiomycetes,Eurotiomycetidae,Eurotiales,Aspergillaceae,Penicillium
BGC0001777.1	BGC0001777.1	Shearinine D biosynthetic gene cluster	terpene	Terpene	Escovopsis weberi	Eukaryota,Fungi,Dikarya,Ascomycota,Pezizomycotina,Sordariomycetes,Hypocreomycetidae,Hypocreales,Hypocreaceae,Escovopsis
BGC0001811.1	BGC0001811.1	Trichodiene-11-one biosynthetic gene cluster	terpene	Terpene	Fusarium asiaticum	Eukaryota,Fungi,Dikarya,Ascomycota,Pezizomycotina,Sordariomycetes,Hypocreomycetidae,Hypocreales,Nectriaceae,Fusarium
CACA01000344.1.region001	CACA01000344.1	CACA01000344.1 Oscillatoria sp. PCC 6506 whole genome shotgun sequence, Contig380	terpene	Terpene		
CACA01000373.1.region001	CACA01000373.1	CACA01000373.1 Oscillatoria sp. PCC 6506 whole genome shotgun sequence, Contig411	terpene	Terpene		
CAFN01000056.1.region001	CAFN01000056.1	CAFN01000056.1 Arthrospira sp. PCC 8005, WGS project CAFN00000000 data, strain PCC 8005, Contig4942-2130, whole genome shotgun sequence	terpene.bacteriocin	Others		
CM001023.1.region002	CM001023.1	CM001023.1 Algoriphagus sp. PR1 chromosome, whole genome shotgun sequence	terpene	Terpene		
CM001165.1.region001	CM001165.1	CM001165.1 Streptomyces sp. Tu6071 chromosome, whole genome shotgun sequence	terpene	Terpene		
CM001165.1.region006	CM001165.1	CM001165.1 Streptomyces sp. Tu6071 chromosome, whole genome shotgun sequence	terpene	Terpene		
CM001165.1.region010	CM001165.1	CM001165.1 Streptomyces sp. Tu6071 chromosome, whole genome shotgun sequence	terpene.PKS-like	Others		
CM001165.1.region012	CM001165.1	CM001165.1 Streptomyces sp. Tu6071 chromosome, whole genome shotgun sequence	terpene	Terpene		
CM001165.1.region015	CM001165.1	CM001165.1 Streptomyces sp. Tu6071 chromosome, whole genome shotgun sequence	terpene	Terpene		
CM001775.1.region001	CM001775.1	CM001775.1 Geminocystis herdmanii PCC 6308 chromosome, whole genome shotgun sequence	terpene	Terpene		
CM001775.1.region003	CM001775.1	CM001775.1 Geminocystis herdmanii PCC 6308 chromosome, whole genome shotgun sequence	terpene	Terpene		
CM001775.1.region005	CM001775.1	CM001775.1 Geminocystis herdmanii PCC 6308 chromosome, whole genome shotgun sequence	terpene	Terpene		
CP000094.2.region004	CP000094.2	CP000094.2 Pseudomonas fluorescens Pf0-1, complete genome	NRPS.terpene	Others		
CP000117.1.region004	CP000117.1	CP000117.1 Anabaena variabilis ATCC 29413, complete genome	terpene	Terpene		
CP000117.1.region011	CP000117.1	CP000117.1 Anabaena variabilis ATCC 29413, complete genome	terpene	Terpene		
CP000117.1.region013	CP000117.1	CP000117.1 Anabaena variabilis ATCC 29413, complete genome	terpene	Terpene		
CP001037.1.region006	CP001037.1	CP001037.1 Nostoc punctiforme PCC 73102 strain ATCC 29133 chromosome, complete genome	terpene	Terpene		
CP001037.1.region007	CP001037.1	CP001037.1 Nostoc punctiforme PCC 73102 strain ATCC 29133 chromosome, complete genome	terpene	Terpene		
CP001037.1.region014	CP001037.1	CP001037.1 Nostoc punctiforme PCC 73102 strain ATCC 29133 chromosome, complete genome	terpene	Terpene		
CP001037.1.region018	CP001037.1	CP001037.1 Nostoc punctiforme PCC 73102 strain ATCC 29133 chromosome, complete genome	terpene	Terpene		
CP001287.1.region001	CP001287.1	CP001287.1 Cyanothece sp. PCC 8801, complete genome	terpene	Terpene		
CP001287.1.region002	CP001287.1	CP001287.1 Cyanothece sp. PCC 8801, complete genome	terpene	Terpene		
CP001287.1.region006	CP001287.1	CP001287.1 Cyanothece sp. PCC 8801, complete genome	terpene	Terpene		
CP001344.1.region008	CP001344.1	CP001344.1 Cyanothece sp. PCC 7425, complete genome	terpene	Terpene		
CP001344.1.region010	CP001344.1	CP001344.1 Cyanothece sp. PCC 7425, complete genome	terpene	Terpene		
CP001344.1.region011	CP001344.1	CP001344.1 Cyanothece sp. PCC 7425, complete genome	terpene	Terpene		
CP001683.1.region004	CP001683.1	CP001683.1 Saccharomonospora viridis DSM 43017, complete genome	terpene	Terpene		
CP001683.1.region005	CP001683.1	CP001683.1 Saccharomonospora viridis DSM 43017, complete genome	terpene	Terpene		
CP002198.1.region001	CP002198.1	CP002198.1 Cyanothece sp. PCC 7822, complete genome	terpene	Terpene		
CP002198.1.region002	CP002198.1	CP002198.1 Cyanothece sp. PCC 7822, complete genome	terpene	Terpene		
CP002198.1.region004	CP002198.1	CP002198.1 Cyanothece sp. PCC 7822, complete genome	terpene	Terpene		
CP003219.1.region003	CP003219.1	CP003219.1 Streptomyces cattleya DSM 46488, complete genome	terpene	Terpene		
CP003219.1.region012	CP003219.1	CP003219.1 Streptomyces cattleya DSM 46488, complete genome	terpene	Terpene		
CP003219.1.region019	CP003219.1	CP003219.1 Streptomyces cattleya DSM 46488, complete genome	terpene	Terpene		
CP003219.1.region020	CP003219.1	CP003219.1 Streptomyces cattleya DSM 46488, complete genome	terpene.T3PKS	Others		
CP003229.1.region007	CP003229.1	CP003229.1 Streptomyces cattleya DSM 46488 plasmid pSCATT, complete genome	terpene	Terpene		
CP003229.1.region009	CP003229.1	CP003229.1 Streptomyces cattleya DSM 46488 plasmid pSCATT, complete genome	NRPS.terpene	Others		
CP003229.1.region012	CP003229.1	CP003229.1 Streptomyces cattleya DSM 46488 plasmid pSCATT, complete genome	terpene	Terpene		
CP003229.1.region014	CP003229.1	CP003229.1 Streptomyces cattleya DSM 46488 plasmid pSCATT, complete genome	terpene	Terpene		
CP003284.1.region007	CP003284.1	CP003284.1 Anabaena sp. 90 chromosome chANA01, complete sequence	terpene	Terpene		
CP003284.1.region009	CP003284.1	CP003284.1 Anabaena sp. 90 chromosome chANA01, complete sequence	terpene	Terpene		
CP003285.1.region001	CP003285.1	CP003285.1 Anabaena sp. 90 chromosome chANA02, complete sequence	terpene	Terpene		
CP003549.1.region007	CP003549.1	CP003549.1 Rivularia sp. PCC 7116, complete genome	terpene	Terpene		
CP003594.1.region001	CP003594.1	CP003594.1 Synechococcus sp. PCC 7502, complete genome	terpene	Terpene		
CP003594.1.region002	CP003594.1	CP003594.1 Synechococcus sp. PCC 7502, complete genome	terpene	Terpene		
CP003594.1.region006	CP003594.1	CP003594.1 Synechococcus sp. PCC 7502, complete genome	terpene	Terpene		
CP003597.1.region002	CP003597.1	CP003597.1 Chroococcidiopsis thermalis PCC 7203, complete genome	terpene	Terpene		
CP003600.1.region002	CP003600.1	CP003600.1 Chamaesiphon minutus PCC 6605, complete genome	terpene	Terpene		
CP003600.1.region015	CP003600.1	CP003600.1 Chamaesiphon minutus PCC 6605, complete genome	terpene	Terpene		
CP003610.1.region008	CP003610.1	CP003610.1 Calothrix sp. PCC 6303, complete genome	terpene	Terpene		
CP003610.1.region011	CP003610.1	CP003610.1 Calothrix sp. PCC 6303, complete genome	terpene	Terpene		
CP003630.1.region005	CP003630.1	CP003630.1 Microcoleus sp. PCC 7113, complete genome	terpene	Terpene		
CP003630.1.region009	CP003630.1	CP003630.1 Microcoleus sp. PCC 7113, complete genome	terpene	Terpene		
CP003642.1.region010	CP003642.1	CP003642.1 Cylindrospermum stagnale PCC 7417, complete genome	terpene	Terpene		
CP003642.1.region011	CP003642.1	CP003642.1 Cylindrospermum stagnale PCC 7417, complete genome	terpene	Terpene		
CP003642.1.region013	CP003642.1	CP003642.1 Cylindrospermum stagnale PCC 7417, complete genome	terpene	Terpene		
CP003642.1.region014	CP003642.1	CP003642.1 Cylindrospermum stagnale PCC 7417, complete genome	terpene	Terpene		
CP003642.1.region017	CP003642.1	CP003642.1 Cylindrospermum stagnale PCC 7417, complete genome	terpene	Terpene		
CP003642.1.region019	CP003642.1	CP003642.1 Cylindrospermum stagnale PCC 7417, complete genome	T1PKS.NRPS.terpene.TfuA-related.thiopeptide	Others		
CP003646.1.region005	CP003646.1	CP003646.1 Gloeocapsa sp. PCC 7428, complete genome	terpene	Terpene		
CP003943.1.region001	CP003943.1	CP003943.1 Calothrix sp. PCC 7507 chromosome, complete genome	terpene	Terpene		
CP003943.1.region005	CP003943.1	CP003943.1 Calothrix sp. PCC 7507 chromosome, complete genome	terpene	Terpene		
CP003943.1.region006	CP003943.1	CP003943.1 Calothrix sp. PCC 7507 chromosome, complete genome	terpene	Terpene		
CP003943.1.region007	CP003943.1	CP003943.1 Calothrix sp. PCC 7507 chromosome, complete genome	terpene	Terpene		
CP003943.1.region008	CP003943.1	CP003943.1 Calothrix sp. PCC 7507 chromosome, complete genome	terpene	Terpene		
CP003944.1.region001	CP003944.1	CP003944.1 Dactylococcopsis salina PCC 8305, complete genome	terpene	Terpene		
CP003945.1.region003	CP003945.1	CP003945.1 Halothece sp. PCC 7418 chromosome, complete genome	terpene	Terpene		
CP003946.1.region006	CP003946.1	CP003946.1 Leptolyngbya sp. PCC 7376, complete genome	terpene	Terpene		
CP009124.1.region001	CP009124.1	CP009124.1 Streptomyces lividans TK24, complete genome	terpene	Terpene		
CP009124.1.region002	CP009124.1	CP009124.1 Streptomyces lividans TK24, complete genome	NRPS.terpene.T3PKS	Others		
CP009124.1.region005	CP009124.1	CP009124.1 Streptomyces lividans TK24, complete genome	terpene	Terpene		
CP009124.1.region010	CP009124.1	CP009124.1 Streptomyces lividans TK24, complete genome	terpene	Terpene		
CP009124.1.region015	CP009124.1	CP009124.1 Streptomyces lividans TK24, complete genome	terpene	Terpene		
CP009124.1.region025	CP009124.1	CP009124.1 Streptomyces lividans TK24, complete genome	terpene	Terpene		
CP009124.1.region027	CP009124.1	CP009124.1 Streptomyces lividans TK24, complete genome	terpene	Terpene		
CP011382.1.region005	CP011382.1	CP011382.1 Calothrix sp. 336/3, complete genome	terpene	Terpene		
CP011382.1.region008	CP011382.1	CP011382.1 Calothrix sp. 336/3, complete genome	terpene	Terpene		
CP011664.1.region002	CP011664.1	CP011664.1 Streptomyces sp. Mg1, complete genome	terpene	Terpene		
CP011664.1.region004	CP011664.1	CP011664.1 Streptomyces sp. Mg1, complete genome	NRPS.terpene	Others		
CP011664.1.region005	CP011664.1	CP011664.1 Streptomyces sp. Mg1, complete genome	terpene	Terpene		
CP011664.1.region007	CP011664.1	CP011664.1 Streptomyces sp. Mg1, complete genome	terpene	Terpene		
CP011664.1.region010	CP011664.1	CP011664.1 Streptomyces sp. Mg1, complete genome	hglE-KS.terpene.T1PKS	Others		
CP011664.1.region018	CP011664.1	CP011664.1 Streptomyces sp. Mg1, complete genome	terpene	Terpene		
CP011664.1.region019	CP011664.1	CP011664.1 Streptomyces sp. Mg1, complete genome	terpene	Terpene		
CP011664.1.region026	CP011664.1	CP011664.1 Streptomyces sp. Mg1, complete genome	terpene	Terpene		
CP020114.1.region007	CP020114.1	CP020114.1 Nodularia spumigena UHCC 0039 chromosome, complete genome	terpene	Terpene		
CP020771.1.region006	CP020771.1	CP020771.1 Microcystis aeruginosa PCC 7806SL chromosome, complete genome	terpene	Terpene		
CP020771.1.region009	CP020771.1	CP020771.1 Microcystis aeruginosa PCC 7806SL chromosome, complete genome	terpene	Terpene		
CP020771.1.region010	CP020771.1	CP020771.1 Microcystis aeruginosa PCC 7806SL chromosome, complete genome	terpene	Terpene		
CP032543.1.region002	CP032543.1	CP032543.1 Streptomyces griseus subsp. griseus strain ATCC 13273 chromosome, complete genome	terpene	Terpene		
CP032543.1.region006	CP032543.1	CP032543.1 Streptomyces griseus subsp. griseus strain ATCC 13273 chromosome, complete genome	terpene	Terpene		
CP032543.1.region019	CP032543.1	CP032543.1 Streptomyces griseus subsp. griseus strain ATCC 13273 chromosome, complete genome	terpene	Terpene		
CP032543.1.region024	CP032543.1	CP032543.1 Streptomyces griseus subsp. griseus strain ATCC 13273 chromosome, complete genome	terpene	Terpene		
CP040916.1.region001	CP040916.1	CP040916.1 Streptomyces spectabilis strain NRRL 2792 chromosome, complete genome	NRPS.terpene	Others		
CP040916.1.region003	CP040916.1	CP040916.1 Streptomyces spectabilis strain NRRL 2792 chromosome, complete genome	terpene	Terpene		
CP040916.1.region009	CP040916.1	CP040916.1 Streptomyces spectabilis strain NRRL 2792 chromosome, complete genome	NRPS.terpene	Others		
CP040916.1.region014	CP040916.1	CP040916.1 Streptomyces spectabilis strain NRRL 2792 chromosome, complete genome	terpene	Terpene		
CP040916.1.region016	CP040916.1	CP040916.1 Streptomyces spectabilis strain NRRL 2792 chromosome, complete genome	NRPS.terpene	Others		
CP040916.1.region019	CP040916.1	CP040916.1 Streptomyces spectabilis strain NRRL 2792 chromosome, complete genome	terpene	Terpene		
CP040916.1.region024	CP040916.1	CP040916.1 Streptomyces spectabilis strain NRRL 2792 chromosome, complete genome	terpene	Terpene		
CP040916.1.region025	CP040916.1	CP040916.1 Streptomyces spectabilis strain NRRL 2792 chromosome, complete genome	terpene	Terpene		
CP040916.1.region039	CP040916.1	CP040916.1 Streptomyces spectabilis strain NRRL 2792 chromosome, complete genome	terpene	Terpene		
CP040916.1.region043	CP040916.1	CP040916.1 Streptomyces spectabilis strain NRRL 2792 chromosome, complete genome	terpene.T3PKS	Others		
CP043056.1.region007	CP043056.1	CP043056.1 Dolichospermum sp. UHCC 0315A chromosome, complete genome	terpene	Terpene		
CP043056.1.region010	CP043056.1	CP043056.1 Dolichospermum sp. UHCC 0315A chromosome, complete genome	terpene	Terpene		
CP043056.1.region013	CP043056.1	CP043056.1 Dolichospermum sp. UHCC 0315A chromosome, complete genome	terpene	Terpene		
CP049782.1.region001	CP049782.1	CP049782.1 Streptomyces sp. ID38640 chromosome	NRPS-like.T1PKS.terpene.PKS-like.oligosaccharide	Others		
CP049782.1.region008	CP049782.1	CP049782.1 Streptomyces sp. ID38640 chromosome	terpene	Terpene		
CP049782.1.region014	CP049782.1	CP049782.1 Streptomyces sp. ID38640 chromosome	terpene	Terpene		
CP049782.1.region015	CP049782.1	CP049782.1 Streptomyces sp. ID38640 chromosome	terpene	Terpene		
CP049782.1.region016	CP049782.1	CP049782.1 Streptomyces sp. ID38640 chromosome	terpene	Terpene		
DS999641.1.region006	DS999641.1	DS999641.1 Streptomyces ghanaensis ATCC 14672 supercont1.1 genomic scaffold, whole genome shotgun sequence	terpene	Terpene		
DS999641.1.region009	DS999641.1	DS999641.1 Streptomyces ghanaensis ATCC 14672 supercont1.1 genomic scaffold, whole genome shotgun sequence	terpene	Terpene		
DS999641.1.region011	DS999641.1	DS999641.1 Streptomyces ghanaensis ATCC 14672 supercont1.1 genomic scaffold, whole genome shotgun sequence	terpene	Terpene		
DS999641.1.region014	DS999641.1	DS999641.1 Streptomyces ghanaensis ATCC 14672 supercont1.1 genomic scaffold, whole genome shotgun sequence	terpene	Terpene		
DS999641.1.region020	DS999641.1	DS999641.1 Streptomyces ghanaensis ATCC 14672 supercont1.1 genomic scaffold, whole genome shotgun sequence	terpene	Terpene		
FTMA01000001.1.region001	FTMA01000001.1	FTMA01000001.1 Maribacter ulvicola strain DSM 15366 genome assembly, contig: Ga0111696_101, whole genome shotgun sequence	terpene	Terpene		
FTMA01000001.1.region002	FTMA01000001.1	FTMA01000001.1 Maribacter ulvicola strain DSM 15366 genome assembly, contig: Ga0111696_101, whole genome shotgun sequence	terpene	Terpene		
GG657754.1.region007	GG657754.1	GG657754.1 Streptomyces hygroscopicus ATCC 53653 genomic scaffold supercont1.1, whole genome shotgun sequence	terpene	Terpene		
GG657754.1.region008	GG657754.1	GG657754.1 Streptomyces hygroscopicus ATCC 53653 genomic scaffold supercont1.1, whole genome shotgun sequence	terpene	Terpene		
GG657754.1.region011	GG657754.1	GG657754.1 Streptomyces hygroscopicus ATCC 53653 genomic scaffold supercont1.1, whole genome shotgun sequence	terpene	Terpene		
GG657754.1.region013	GG657754.1	GG657754.1 Streptomyces hygroscopicus ATCC 53653 genomic scaffold supercont1.1, whole genome shotgun sequence	terpene.T2PKS	Others		
GG657754.1.region020	GG657754.1	GG657754.1 Streptomyces hygroscopicus ATCC 53653 genomic scaffold supercont1.1, whole genome shotgun sequence	terpene	Terpene		
GG657754.1.region021	GG657754.1	GG657754.1 Streptomyces hygroscopicus ATCC 53653 genomic scaffold supercont1.1, whole genome shotgun sequence	terpene	Terpene		
GG657754.1.region039	GG657754.1	GG657754.1 Streptomyces hygroscopicus ATCC 53653 genomic scaffold supercont1.1, whole genome shotgun sequence	terpene.T1PKS	Others		
GG657758.1.region004	GG657758.1	GG657758.1 Streptomyces griseoflavus Tu4000 genomic scaffold supercont1.1, whole genome shotgun sequence	terpene.T2PKS	Others		
GG657758.1.region005	GG657758.1	GG657758.1 Streptomyces griseoflavus Tu4000 genomic scaffold supercont1.1, whole genome shotgun sequence	terpene	Terpene		
GG657758.1.region007	GG657758.1	GG657758.1 Streptomyces griseoflavus Tu4000 genomic scaffold supercont1.1, whole genome shotgun sequence	terpene	Terpene		
GG657758.1.region012	GG657758.1	GG657758.1 Streptomyces griseoflavus Tu4000 genomic scaffold supercont1.1, whole genome shotgun sequence	terpene	Terpene		
GG740015.1.region001	GG740015.1	GG740015.1 Prevotella melaninogenica D18 genomic scaffold supercont1.6, whole genome shotgun sequence	terpene	Terpene		
JAACKE010000001.region008	JAACKE010000001	JAACKE010000001.1 Streptomyces sp. MBT27 MBT27_1, whole genome shotgun sequence	terpene	Terpene		
JAACKE010000001.region015	JAACKE010000001	JAACKE010000001.1 Streptomyces sp. MBT27 MBT27_1, whole genome shotgun sequence	terpene	Terpene		
JAACKE010000002.region002	JAACKE010000002	JAACKE010000002.1 Streptomyces sp. MBT27 MBT27_2, whole genome shotgun sequence	terpene	Terpene		
JAACKE010000003.region002	JAACKE010000003	JAACKE010000003.1 Streptomyces sp. MBT27 MBT27_3, whole genome shotgun sequence	terpene	Terpene		
JAACKE010000003.region008	JAACKE010000003	JAACKE010000003.1 Streptomyces sp. MBT27 MBT27_3, whole genome shotgun sequence	NRPS.terpene	Others		
JAACKE010000004.region003	JAACKE010000004	JAACKE010000004.1 Streptomyces sp. MBT27 MBT27_4, whole genome shotgun sequence	terpene	Terpene		
JAAFZY010000005.region001	JAAFZY010000005	JAAFZY010000005.1 Mangrovimonas sp. CR14 NODE_5_length_367190_cov_154.384958, whole genome shotgun sequence	terpene	Terpene		
JAIY01000003.1.region001	JAIY01000003.1	JAIY01000003.1 Kitasatospora sp. MBT66 scaffold3, whole genome shotgun sequence	terpene	Terpene		
JAIY01000003.1.region007	JAIY01000003.1	JAIY01000003.1 Kitasatospora sp. MBT66 scaffold3, whole genome shotgun sequence	NRPS.terpene	Others		
JAIY01000004.1.region002	JAIY01000004.1	JAIY01000004.1 Kitasatospora sp. MBT66 scaffold4, whole genome shotgun sequence	terpene	Terpene		
JAIY01000016.1.region002	JAIY01000016.1	JAIY01000016.1 Kitasatospora sp. MBT66 scaffold16, whole genome shotgun sequence	terpene	Terpene		
JAIY01000016.1.region003	JAIY01000016.1	JAIY01000016.1 Kitasatospora sp. MBT66 scaffold16, whole genome shotgun sequence	NRPS.terpene	Others		
JAIY01000016.1.region005	JAIY01000016.1	JAIY01000016.1 Kitasatospora sp. MBT66 scaffold16, whole genome shotgun sequence	NRPS.terpene	Others		
JAIY01000020.1.region001	JAIY01000020.1	JAIY01000020.1 Kitasatospora sp. MBT66 scaffold20, whole genome shotgun sequence	terpene	Terpene		
JAIY01000020.1.region002	JAIY01000020.1	JAIY01000020.1 Kitasatospora sp. MBT66 scaffold20, whole genome shotgun sequence	terpene.T3PKS	Others		
JH815185.1.region002	JH815185.1	JH815185.1 Lachnoanaerobaculum sp. OBRC5-5 genomic scaffold supercont1.1, whole genome shotgun sequence	terpene	Terpene		
JH976537.1.region001	JH976537.1	JH976537.1 Nodosilinea nodulosa PCC 7104 genomic scaffold Lepto7104DRAFT_LPD.2, whole genome shotgun sequence	terpene	Terpene		
JH976537.1.region004	JH976537.1	JH976537.1 Nodosilinea nodulosa PCC 7104 genomic scaffold Lepto7104DRAFT_LPD.2, whole genome shotgun sequence	terpene	Terpene		
JH976537.1.region005	JH976537.1	JH976537.1 Nodosilinea nodulosa PCC 7104 genomic scaffold Lepto7104DRAFT_LPD.2, whole genome shotgun sequence	terpene	Terpene		
JH976537.1.region006	JH976537.1	JH976537.1 Nodosilinea nodulosa PCC 7104 genomic scaffold Lepto7104DRAFT_LPD.2, whole genome shotgun sequence	terpene	Terpene		
JH980292.1.region003	JH980292.1	JH980292.1 Spirulina subsalsa PCC 9445 genomic scaffold Contig210, whole genome shotgun sequence	terpene	Terpene		
JH992898.1.region003	JH992898.1	JH992898.1 Fischerella sp. PCC 9339 genomic scaffold PCC9339DRAFT_scaffold1.1, whole genome shotgun sequence	terpene	Terpene		
JH992898.1.region006	JH992898.1	JH992898.1 Fischerella sp. PCC 9339 genomic scaffold PCC9339DRAFT_scaffold1.1, whole genome shotgun sequence	terpene	Terpene		
JH992898.1.region007	JH992898.1	JH992898.1 Fischerella sp. PCC 9339 genomic scaffold PCC9339DRAFT_scaffold1.1, whole genome shotgun sequence	terpene	Terpene		
JH992898.1.region011	JH992898.1	JH992898.1 Fischerella sp. PCC 9339 genomic scaffold PCC9339DRAFT_scaffold1.1, whole genome shotgun sequence	terpene	Terpene		
JH992901.1.region002	JH992901.1	JH992901.1 Mastigocladopsis repens PCC 10914 genomic scaffold Mas10914DRAFT_scaffold1.1, whole genome shotgun sequence	terpene	Terpene		
JH992901.1.region004	JH992901.1	JH992901.1 Mastigocladopsis repens PCC 10914 genomic scaffold Mas10914DRAFT_scaffold1.1, whole genome shotgun sequence	terpene	Terpene		
JH992901.1.region005	JH992901.1	JH992901.1 Mastigocladopsis repens PCC 10914 genomic scaffold Mas10914DRAFT_scaffold1.1, whole genome shotgun sequence	terpene	Terpene		
JH993797.1.region003	JH993797.1	JH993797.1 Leptolyngbya sp. PCC 7375 genomic scaffold Lepto7375DRAFT_LPA.5, whole genome shotgun sequence	terpene	Terpene		
JH993797.1.region010	JH993797.1	JH993797.1 Leptolyngbya sp. PCC 7375 genomic scaffold Lepto7375DRAFT_LPA.5, whole genome shotgun sequence	terpene	Terpene		
JMCC02000007.1.region001	JMCC02000007.1	JMCC02000007.1 Enhygromyxa salina strain DSM 15201 ES-Contig_7, whole genome shotgun sequence	terpene	Terpene		
JMCC02000026.1.region001	JMCC02000026.1	JMCC02000026.1 Enhygromyxa salina strain DSM 15201 ES-Contig_26, whole genome shotgun sequence	terpene.T1PKS	Others		
JMCC02000028.1.region001	JMCC02000028.1	JMCC02000028.1 Enhygromyxa salina strain DSM 15201 ES-Contig_28, whole genome shotgun sequence	terpene	Terpene		
JMCC02000046.1.region002	JMCC02000046.1	JMCC02000046.1 Enhygromyxa salina strain DSM 15201 ES-Contig_46, whole genome shotgun sequence	terpene	Terpene		
JMCC02000066.1.region001	JMCC02000066.1	JMCC02000066.1 Enhygromyxa salina strain DSM 15201 ES-Contig_66, whole genome shotgun sequence	terpene	Terpene		
JMCC02000107.1.region001	JMCC02000107.1	JMCC02000107.1 Enhygromyxa salina strain DSM 15201 ES-Contig_107, whole genome shotgun sequence	terpene	Terpene		
JMCC02000120.1.region001	JMCC02000120.1	JMCC02000120.1 Enhygromyxa salina strain DSM 15201 ES-Contig_120, whole genome shotgun sequence	terpene	Terpene		
JMCC02000170.1.region001	JMCC02000170.1	JMCC02000170.1 Enhygromyxa salina strain DSM 15201 ES-Contig_170, whole genome shotgun sequence	terpene	Terpene		
JNID01000001.1.region001	JNID01000001.1	JNID01000001.1 Streptomyces sp. CNQ-525 H172DRAFT_scaffold00001.1_C, whole genome shotgun sequence	terpene	Terpene		
JNID01000002.1.region002	JNID01000002.1	JNID01000002.1 Streptomyces sp. CNQ-525 H172DRAFT_scaffold00002.2_C, whole genome shotgun sequence	terpene	Terpene		
JNID01000009.1.region001	JNID01000009.1	JNID01000009.1 Streptomyces sp. CNQ-525 H172DRAFT_scaffold00007.7_C, whole genome shotgun sequence	terpene	Terpene		
JNID01000011.1.region001	JNID01000011.1	JNID01000011.1 Streptomyces sp. CNQ-525 H172DRAFT_scaffold00009.9_C, whole genome shotgun sequence	terpene	Terpene		
JNID01000029.1.region001	JNID01000029.1	JNID01000029.1 Streptomyces sp. CNQ-525 H172DRAFT_scaffold00023.23_C, whole genome shotgun sequence	terpene	Terpene		
JNID01000036.1.region002	JNID01000036.1	JNID01000036.1 Streptomyces sp. CNQ-525 H172DRAFT_scaffold00030.30_C, whole genome shotgun sequence	terpene	Terpene		
JNID01000045.1.region001	JNID01000045.1	JNID01000045.1 Streptomyces sp. CNQ-525 H172DRAFT_scaffold00039.39_C, whole genome shotgun sequence	terpene.T3PKS	Others		
JNID01000049.1.region001	JNID01000049.1	JNID01000049.1 Streptomyces sp. CNQ-525 H172DRAFT_scaffold00042.42_C, whole genome shotgun sequence	terpene	Terpene		
JNLT01000002.1.region002	JNLT01000002.1	JNLT01000002.1 Streptomyces sp. CNS654 CD02DRAFT_scaffold00002.2_C, whole genome shotgun sequence	terpene	Terpene		
JNLT01000018.1.region001	JNLT01000018.1	JNLT01000018.1 Streptomyces sp. CNS654 CD02DRAFT_scaffold00017.17_C, whole genome shotgun sequence	terpene	Terpene		
JNLT01000019.1.region001	JNLT01000019.1	JNLT01000019.1 Streptomyces sp. CNS654 CD02DRAFT_scaffold00018.18_C, whole genome shotgun sequence	terpene	Terpene		
JNLT01000022.1.region002	JNLT01000022.1	JNLT01000022.1 Streptomyces sp. CNS654 CD02DRAFT_scaffold00021.21_C, whole genome shotgun sequence	terpene	Terpene		
JNYZ01000007.1.region002	JNYZ01000007.1	JNYZ01000007.1 Amycolatopsis jejuensis strain NRRL B-24427 contig7.1, whole genome shotgun sequence	terpene	Terpene		
JNYZ01000010.1.region002	JNYZ01000010.1	JNYZ01000010.1 Amycolatopsis jejuensis strain NRRL B-24427 contig10.1, whole genome shotgun sequence	NRPS-like.terpene	Others		
JNYZ01000020.1.region002	JNYZ01000020.1	JNYZ01000020.1 Amycolatopsis jejuensis strain NRRL B-24427 contig20.1, whole genome shotgun sequence	terpene	Terpene		
JNYZ01000024.1.region001	JNYZ01000024.1	JNYZ01000024.1 Amycolatopsis jejuensis strain NRRL B-24427 contig24.1, whole genome shotgun sequence	terpene	Terpene		
JOIW01000001.1.region002	JOIW01000001.1	JOIW01000001.1 Streptomyces sp. NRRL S-325 contig1.1, whole genome shotgun sequence	terpene	Terpene		
JOIW01000002.1.region001	JOIW01000002.1	JOIW01000002.1 Streptomyces sp. NRRL S-325 contig2.1, whole genome shotgun sequence	terpene	Terpene		
JOIW01000003.1.region001	JOIW01000003.1	JOIW01000003.1 Streptomyces sp. NRRL S-325 contig3.1, whole genome shotgun sequence	terpene.T2PKS	Others		
JOIW01000005.1.region001	JOIW01000005.1	JOIW01000005.1 Streptomyces sp. NRRL S-325 contig5.1, whole genome shotgun sequence	terpene	Terpene		
JOIW01000005.1.region004	JOIW01000005.1	JOIW01000005.1 Streptomyces sp. NRRL S-325 contig5.1, whole genome shotgun sequence	terpene	Terpene		
JOIW01000013.1.region002	JOIW01000013.1	JOIW01000013.1 Streptomyces sp. NRRL S-325 contig13.1, whole genome shotgun sequence	terpene	Terpene		
JOIW01000014.1.region001	JOIW01000014.1	JOIW01000014.1 Streptomyces sp. NRRL S-325 contig14.1, whole genome shotgun sequence	terpene	Terpene		
JOIW01000015.1.region001	JOIW01000015.1	JOIW01000015.1 Streptomyces sp. NRRL S-325 contig15.1, whole genome shotgun sequence	terpene	Terpene		
JQMD01000002.1.region005	JQMD01000002.1	JQMD01000002.1 Zobellia uliginosa strain MAR_2009_138 FG20DRAFT_unitig_0_quiver_dupTrim_3020.2_C, whole genome shotgun sequence	terpene	Terpene		
JQMD01000002.1.region007	JQMD01000002.1	JQMD01000002.1 Zobellia uliginosa strain MAR_2009_138 FG20DRAFT_unitig_0_quiver_dupTrim_3020.2_C, whole genome shotgun sequence	terpene	Terpene		
JXYX01000007.1.region001	JXYX01000007.1	JXYX01000007.1 Microcystis aeruginosa NIES-88 scaffold7, whole genome shotgun sequence	terpene	Terpene		
JXYX01000016.1.region001	JXYX01000016.1	JXYX01000016.1 Microcystis aeruginosa NIES-88 scaffold16, whole genome shotgun sequence	terpene.T1PKS	Others		
JXYX01000019.1.region001	JXYX01000019.1	JXYX01000019.1 Microcystis aeruginosa NIES-88 scaffold19, whole genome shotgun sequence	terpene	Terpene		
KB217478.1.region010	KB217478.1	KB217478.1 Calothrix sp. PCC 7103 genomic scaffold Cal7103DRAFT_CPM.6, whole genome shotgun sequence	terpene	Terpene		
KB217478.1.region012	KB217478.1	KB217478.1 Calothrix sp. PCC 7103 genomic scaffold Cal7103DRAFT_CPM.6, whole genome shotgun sequence	terpene	Terpene		
KB217478.1.region014	KB217478.1	KB217478.1 Calothrix sp. PCC 7103 genomic scaffold Cal7103DRAFT_CPM.6, whole genome shotgun sequence	terpene	Terpene		
KB217478.1.region021	KB217478.1	KB217478.1 Calothrix sp. PCC 7103 genomic scaffold Cal7103DRAFT_CPM.6, whole genome shotgun sequence	terpene	Terpene		
KB235914.1.region005	KB235914.1	KB235914.1 Pseudanabaena sp. PCC 6802 genomic scaffold Pse6802_scaffold_5, whole genome shotgun sequence	terpene	Terpene		
KB235922.1.region008	KB235922.1	KB235922.1 Pleurocapsa sp. PCC 7319 genomic scaffold Pleur7319scaffold_7, whole genome shotgun sequence	terpene	Terpene		
KB235922.1.region012	KB235922.1	KB235922.1 Pleurocapsa sp. PCC 7319 genomic scaffold Pleur7319scaffold_7, whole genome shotgun sequence	terpene	Terpene		
KB235922.1.region013	KB235922.1	KB235922.1 Pleurocapsa sp. PCC 7319 genomic scaffold Pleur7319scaffold_7, whole genome shotgun sequence	terpene	Terpene		
KB235930.1.region003	KB235930.1	KB235930.1 Microchaete sp. PCC 7126 genomic scaffold Mic7126DRAFT_MPQ.3, whole genome shotgun sequence	terpene	Terpene		
KB235930.1.region004	KB235930.1	KB235930.1 Microchaete sp. PCC 7126 genomic scaffold Mic7126DRAFT_MPQ.3, whole genome shotgun sequence	terpene	Terpene		
KB235930.1.region008	KB235930.1	KB235930.1 Microchaete sp. PCC 7126 genomic scaffold Mic7126DRAFT_MPQ.3, whole genome shotgun sequence	terpene	Terpene		
KB235941.1.region001	KB235941.1	KB235941.1 Prochlorothrix hollandica PCC 9006 genomic scaffold Pro9006DRAFT_Contig10.1, whole genome shotgun sequence	terpene	Terpene		
KB235942.1.region001	KB235942.1	KB235942.1 Prochlorothrix hollandica PCC 9006 genomic scaffold Pro9006DRAFT_Contig9.13, whole genome shotgun sequence	terpene	Terpene		
KB235944.1.region001	KB235944.1	KB235944.1 Prochlorothrix hollandica PCC 9006 genomic scaffold Pro9006DRAFT_Contig7.11, whole genome shotgun sequence	terpene	Terpene		
KB235948.1.region008	KB235948.1	KB235948.1 Oscillatoria sp. PCC 10802 genomic scaffold Osc10802DRAFT_Contig7.7, whole genome shotgun sequence	terpene	Terpene		
KB846715.1.region002	KB846715.1	KB846715.1 Streptomyces sp. CNS615 genomic scaffold D583DRAFT_scaffold00001.1, whole genome shotgun sequence	terpene	Terpene		
KB846715.1.region004	KB846715.1	KB846715.1 Streptomyces sp. CNS615 genomic scaffold D583DRAFT_scaffold00001.1, whole genome shotgun sequence	terpene	Terpene		
KB846715.1.region005	KB846715.1	KB846715.1 Streptomyces sp. CNS615 genomic scaffold D583DRAFT_scaffold00001.1, whole genome shotgun sequence	terpene	Terpene		
KB846732.1.region001	KB846732.1	KB846732.1 Streptomyces sp. CNS615 genomic scaffold D583DRAFT_scaffold00018.18, whole genome shotgun sequence	terpene	Terpene		
KB897364.1.region002	KB897364.1	KB897364.1 Streptomyces sp. CNQ766 genomic scaffold C591DRAFT_scaffold00002.2, whole genome shotgun sequence	terpene	Terpene		
KB897368.1.region001	KB897368.1	KB897368.1 Streptomyces sp. CNQ766 genomic scaffold C591DRAFT_scaffold00006.6, whole genome shotgun sequence	terpene	Terpene		
KB897369.1.region001	KB897369.1	KB897369.1 Streptomyces sp. CNQ766 genomic scaffold C591DRAFT_scaffold00007.7, whole genome shotgun sequence	terpene	Terpene		
KB897377.1.region001	KB897377.1	KB897377.1 Streptomyces sp. CNQ766 genomic scaffold C591DRAFT_scaffold00015.15, whole genome shotgun sequence	terpene	Terpene		
KB897382.1.region001	KB897382.1	KB897382.1 Streptomyces sp. CNQ766 genomic scaffold C591DRAFT_scaffold00020.20, whole genome shotgun sequence	terpene	Terpene		
KB897385.1.region001	KB897385.1	KB897385.1 Streptomyces sp. CNQ766 genomic scaffold C591DRAFT_scaffold00023.23, whole genome shotgun sequence	terpene	Terpene		
KB897387.1.region001	KB897387.1	KB897387.1 Streptomyces sp. CNQ766 genomic scaffold C591DRAFT_scaffold00025.25, whole genome shotgun sequence	terpene	Terpene		
KB897408.1.region001	KB897408.1	KB897408.1 Streptomyces sp. CNQ766 genomic scaffold C591DRAFT_scaffold00046.46, whole genome shotgun sequence	terpene.T1PKS	Others		
KB897417.1.region001	KB897417.1	KB897417.1 Streptomyces sp. CNQ766 genomic scaffold C591DRAFT_scaffold00055.55, whole genome shotgun sequence	terpene.T3PKS	Others		
KB897620.1.region003	KB897620.1	KB897620.1 Streptomyces sp. CNS335 genomic scaffold C592DRAFT_scaffold00001.1, whole genome shotgun sequence	terpene	Terpene		
KB897627.1.region001	KB897627.1	KB897627.1 Streptomyces sp. CNS335 genomic scaffold C592DRAFT_scaffold00008.8, whole genome shotgun sequence	terpene	Terpene		
KB897629.1.region001	KB897629.1	KB897629.1 Streptomyces sp. CNS335 genomic scaffold C592DRAFT_scaffold00010.10, whole genome shotgun sequence	terpene	Terpene		
KB897633.1.region001	KB897633.1	KB897633.1 Streptomyces sp. CNS335 genomic scaffold C592DRAFT_scaffold00014.14, whole genome shotgun sequence	terpene	Terpene		
KB897636.1.region001	KB897636.1	KB897636.1 Streptomyces sp. CNS335 genomic scaffold C592DRAFT_scaffold00017.17, whole genome shotgun sequence	terpene	Terpene		
KB897646.1.region001	KB897646.1	KB897646.1 Streptomyces sp. CNS335 genomic scaffold C592DRAFT_scaffold00027.27, whole genome shotgun sequence	terpene	Terpene		
KB897650.1.region001	KB897650.1	KB897650.1 Streptomyces sp. CNS335 genomic scaffold C592DRAFT_scaffold00031.31, whole genome shotgun sequence	terpene	Terpene		
KB897660.1.region001	KB897660.1	KB897660.1 Streptomyces sp. CNS335 genomic scaffold C592DRAFT_scaffold00041.41, whole genome shotgun sequence	terpene.T1PKS	Others		
KB897671.1.region001	KB897671.1	KB897671.1 Streptomyces sp. CNS335 genomic scaffold C592DRAFT_scaffold00052.52, whole genome shotgun sequence	terpene	Terpene		
KB897677.1.region001	KB897677.1	KB897677.1 Streptomyces sp. CNS335 genomic scaffold C592DRAFT_scaffold00058.58, whole genome shotgun sequence	terpene.T3PKS	Others		
KB897713.1.region001	KB897713.1	KB897713.1 Streptomyces sp. CNY243 genomic scaffold C594DRAFT_scaffold00001.1, whole genome shotgun sequence	terpene	Terpene		
KB897717.1.region001	KB897717.1	KB897717.1 Streptomyces sp. CNY243 genomic scaffold C594DRAFT_scaffold00005.5, whole genome shotgun sequence	terpene	Terpene		
KB897722.1.region001	KB897722.1	KB897722.1 Streptomyces sp. CNY243 genomic scaffold C594DRAFT_scaffold00010.10, whole genome shotgun sequence	terpene	Terpene		
KB897730.1.region001	KB897730.1	KB897730.1 Streptomyces sp. CNY243 genomic scaffold C594DRAFT_scaffold00018.18, whole genome shotgun sequence	terpene	Terpene		
KB897733.1.region001	KB897733.1	KB897733.1 Streptomyces sp. CNY243 genomic scaffold C594DRAFT_scaffold00021.21, whole genome shotgun sequence	terpene	Terpene		
KB897734.1.region001	KB897734.1	KB897734.1 Streptomyces sp. CNY243 genomic scaffold C594DRAFT_scaffold00022.22, whole genome shotgun sequence	terpene	Terpene		
KB897741.1.region001	KB897741.1	KB897741.1 Streptomyces sp. CNY243 genomic scaffold C594DRAFT_scaffold00029.29, whole genome shotgun sequence	terpene	Terpene		
KB897746.1.region001	KB897746.1	KB897746.1 Streptomyces sp. CNY243 genomic scaffold C594DRAFT_scaffold00034.34, whole genome shotgun sequence	terpene.T1PKS	Others		
KB897756.1.region001	KB897756.1	KB897756.1 Streptomyces sp. CNY243 genomic scaffold C594DRAFT_scaffold00044.44, whole genome shotgun sequence	terpene.T3PKS	Others		
KB897773.1.region001	KB897773.1	KB897773.1 Streptomyces sp. CNY243 genomic scaffold C594DRAFT_scaffold00061.61, whole genome shotgun sequence	terpene	Terpene		
KB897778.1.region003	KB897778.1	KB897778.1 Streptomyces sp. CNT372 genomic scaffold C593DRAFT_scaffold00003.3, whole genome shotgun sequence	terpene	Terpene		
KB897782.1.region003	KB897782.1	KB897782.1 Streptomyces sp. CNT372 genomic scaffold C593DRAFT_scaffold00007.7, whole genome shotgun sequence	terpene.T1PKS.T3PKS	Others		
KB897782.1.region004	KB897782.1	KB897782.1 Streptomyces sp. CNT372 genomic scaffold C593DRAFT_scaffold00007.7, whole genome shotgun sequence	terpene	Terpene		
KB897787.1.region002	KB897787.1	KB897787.1 Streptomyces sp. CNT372 genomic scaffold C593DRAFT_scaffold00012.12, whole genome shotgun sequence	terpene	Terpene		
KB897787.1.region003	KB897787.1	KB897787.1 Streptomyces sp. CNT372 genomic scaffold C593DRAFT_scaffold00012.12, whole genome shotgun sequence	NRPS.terpene	Others		
KB898221.1.region003	KB898221.1	KB898221.1 Streptomyces sp. CNY228 genomic scaffold D330DRAFT_scaffold00001.1, whole genome shotgun sequence	terpene	Terpene		
KB898222.1.region001	KB898222.1	KB898222.1 Streptomyces sp. CNY228 genomic scaffold D330DRAFT_scaffold00002.2, whole genome shotgun sequence	terpene	Terpene		
KB898222.1.region002	KB898222.1	KB898222.1 Streptomyces sp. CNY228 genomic scaffold D330DRAFT_scaffold00002.2, whole genome shotgun sequence	terpene	Terpene		
KB898224.1.region002	KB898224.1	KB898224.1 Streptomyces sp. CNY228 genomic scaffold D330DRAFT_scaffold00004.4, whole genome shotgun sequence	terpene.bacteriocin	Others		
KB898227.1.region001	KB898227.1	KB898227.1 Streptomyces sp. CNY228 genomic scaffold D330DRAFT_scaffold00007.7, whole genome shotgun sequence	NRPS.terpene	Others		
KB898270.1.region006	KB898270.1	KB898270.1 Streptomyces sp. CNT302 genomic scaffold D329DRAFT_scaffold00001.1, whole genome shotgun sequence	terpene	Terpene		
KB898270.1.region007	KB898270.1	KB898270.1 Streptomyces sp. CNT302 genomic scaffold D329DRAFT_scaffold00001.1, whole genome shotgun sequence	terpene	Terpene		
KB898270.1.region009	KB898270.1	KB898270.1 Streptomyces sp. CNT302 genomic scaffold D329DRAFT_scaffold00001.1, whole genome shotgun sequence	terpene	Terpene		
KB898277.1.region001	KB898277.1	KB898277.1 Streptomyces sp. CNT302 genomic scaffold D329DRAFT_scaffold00008.8, whole genome shotgun sequence	terpene	Terpene		
KB898990.1.region001	KB898990.1	KB898990.1 Streptomyces sp. CNB091 genomic scaffold D581DRAFT_scaffold00001.1, whole genome shotgun sequence	terpene	Terpene		
KB898992.1.region002	KB898992.1	KB898992.1 Streptomyces sp. CNB091 genomic scaffold D581DRAFT_scaffold00003.3, whole genome shotgun sequence	terpene	Terpene		
KB899004.1.region001	KB899004.1	KB899004.1 Streptomyces sp. CNB091 genomic scaffold D581DRAFT_scaffold00015.15, whole genome shotgun sequence	terpene	Terpene		
KB899007.1.region001	KB899007.1	KB899007.1 Streptomyces sp. CNB091 genomic scaffold D581DRAFT_scaffold00018.18, whole genome shotgun sequence	NRPS-like.terpene.betalactone	Others		
KE354156.1.region001	KE354156.1	KE354156.1 Streptomyces afghaniensis 772 genomic scaffold STAFG_scaffold1403, whole genome shotgun sequence	terpene	Terpene		
KE354160.1.region001	KE354160.1	KE354160.1 Streptomyces afghaniensis 772 genomic scaffold STAFG_scaffold1407, whole genome shotgun sequence	terpene	Terpene		
KE354204.1.region001	KE354204.1	KE354204.1 Streptomyces afghaniensis 772 genomic scaffold STAFG_scaffold1447, whole genome shotgun sequence	terpene	Terpene		
KE354221.1.region001	KE354221.1	KE354221.1 Streptomyces afghaniensis 772 genomic scaffold STAFG_scaffold1462, whole genome shotgun sequence	terpene	Terpene		
KE354250.1.region001	KE354250.1	KE354250.1 Streptomyces afghaniensis 772 genomic scaffold STAFG_scaffold1489, whole genome shotgun sequence	terpene	Terpene		
KE384246.1.region002	KE384246.1	KE384246.1 Streptomyces sp. CNT360 genomic scaffold H297DRAFT_scaffold00010.10, whole genome shotgun sequence	terpene	Terpene		
KE384251.1.region001	KE384251.1	KE384251.1 Streptomyces sp. CNH287 genomic scaffold H299DRAFT_scaffold00001.1, whole genome shotgun sequence	terpene	Terpene		
KE384252.1.region001	KE384252.1	KE384252.1 Streptomyces sp. CNH287 genomic scaffold H299DRAFT_scaffold00006.6, whole genome shotgun sequence	terpene	Terpene		
KE384253.1.region001	KE384253.1	KE384253.1 Streptomyces sp. CNH287 genomic scaffold H299DRAFT_scaffold00007.7, whole genome shotgun sequence	CDPS.terpene	Others		
KE384503.1.region002	KE384503.1	KE384503.1 Streptomyces sp. TAA486 genomic scaffold I004DRAFT_scaffold00004.4, whole genome shotgun sequence	terpene	Terpene		
KE384504.1.region001	KE384504.1	KE384504.1 Streptomyces sp. TAA486 genomic scaffold I004DRAFT_scaffold00009.9, whole genome shotgun sequence	terpene	Terpene		
KE384504.1.region003	KE384504.1	KE384504.1 Streptomyces sp. TAA486 genomic scaffold I004DRAFT_scaffold00009.9, whole genome shotgun sequence	terpene	Terpene		
KE384521.1.region001	KE384521.1	KE384521.1 Streptomyces sp. CNS606 genomic scaffold K304DRAFT_scaffold00001.1, whole genome shotgun sequence	terpene	Terpene		
KE650771.1.region002	KE650771.1	KE650771.1 Fischerella sp. PCC 9431 genomic scaffold Fis9431DRAFT_Scaffold1.2, whole genome shotgun sequence	terpene	Terpene		
KE650771.1.region005	KE650771.1	KE650771.1 Fischerella sp. PCC 9431 genomic scaffold Fis9431DRAFT_Scaffold1.2, whole genome shotgun sequence	terpene	Terpene		
KE650771.1.region007	KE650771.1	KE650771.1 Fischerella sp. PCC 9431 genomic scaffold Fis9431DRAFT_Scaffold1.2, whole genome shotgun sequence	terpene	Terpene		
KE650771.1.region009	KE650771.1	KE650771.1 Fischerella sp. PCC 9431 genomic scaffold Fis9431DRAFT_Scaffold1.2, whole genome shotgun sequence	terpene	Terpene		
KI911459.1.region001	KI911459.1	KI911459.1 Streptomyces sp. CNH099 genomic scaffold B121DRAFT_scaffold_1.2, whole genome shotgun sequence	terpene	Terpene		
KI911510.1.region002	KI911510.1	KI911510.1 Streptomyces sp. CNT371 genomic scaffold B105DRAFT_scaffold_2.3, whole genome shotgun sequence	terpene	Terpene		
KI912149.1.region001	KI912149.1	KI912149.1 Fischerella sp. PCC 9605 genomic scaffold FIS9605DRAFT_scaffold2.2, whole genome shotgun sequence	terpene	Terpene		
KI912151.1.region001	KI912151.1	KI912151.1 Fischerella sp. PCC 9605 genomic scaffold FIS9605DRAFT_scaffold4.4, whole genome shotgun sequence	terpene	Terpene		
KI912154.1.region001	KI912154.1	KI912154.1 Fischerella sp. PCC 9605 genomic scaffold FIS9605DRAFT_scaffold7.7, whole genome shotgun sequence	terpene	Terpene		
KI913949.1.region005	KI913949.1	KI913949.1 Leptolyngbya sp. PCC 6406 genomic scaffold LEP6406DRAFT_scaffold1.1, whole genome shotgun sequence	terpene	Terpene		
KI913949.1.region006	KI913949.1	KI913949.1 Leptolyngbya sp. PCC 6406 genomic scaffold LEP6406DRAFT_scaffold1.1, whole genome shotgun sequence	terpene	Terpene		
KI928192.1.region002	KI928192.1	KI928192.1 Aphanizomenon flos-aquae NIES-81 genomic scaffold scaffold00001, whole genome shotgun sequence	terpene	Terpene		
KI928192.1.region004	KI928192.1	KI928192.1 Aphanizomenon flos-aquae NIES-81 genomic scaffold scaffold00001, whole genome shotgun sequence	terpene	Terpene		
KI928193.1.region001	KI928193.1	KI928193.1 Aphanizomenon flos-aquae NIES-81 genomic scaffold scaffold00002, whole genome shotgun sequence	terpene	Terpene		
KI928193.1.region006	KI928193.1	KI928193.1 Aphanizomenon flos-aquae NIES-81 genomic scaffold scaffold00002, whole genome shotgun sequence	terpene	Terpene		
KL370764.1.region002	KL370764.1	KL370764.1 Streptomyces sp. CNQ-525 genomic scaffold H172DRAFT_scaffold00004.4, whole genome shotgun sequence	terpene	Terpene		
KL370899.1.region001	KL370899.1	KL370899.1 Streptomyces sp. CNS654 genomic scaffold CD02DRAFT_scaffold00005.5, whole genome shotgun sequence	terpene	Terpene		
KV411303.1.region004	KV411303.1	KV411303.1 Nocardia terpenica strain IFM 0406 genomic scaffold scaffold1, whole genome shotgun sequence	NRPS.terpene.T1PKS	Others		
KV411303.1.region007	KV411303.1	KV411303.1 Nocardia terpenica strain IFM 0406 genomic scaffold scaffold1, whole genome shotgun sequence	terpene	Terpene		
KV411303.1.region011	KV411303.1	KV411303.1 Nocardia terpenica strain IFM 0406 genomic scaffold scaffold1, whole genome shotgun sequence	NRPS.terpene.PKS-like.lipolanthine.butyrolactone	Others		
KV411304.1.region004	KV411304.1	KV411304.1 Nocardia terpenica strain IFM 0406 genomic scaffold scaffold2, whole genome shotgun sequence	NRPS-like.NRPS.terpene	Others		
KV411304.1.region006	KV411304.1	KV411304.1 Nocardia terpenica strain IFM 0406 genomic scaffold scaffold2, whole genome shotgun sequence	terpene	Terpene		
KV411304.1.region008	KV411304.1	KV411304.1 Nocardia terpenica strain IFM 0406 genomic scaffold scaffold2, whole genome shotgun sequence	terpene	Terpene		
KV411304.1.region018	KV411304.1	KV411304.1 Nocardia terpenica strain IFM 0406 genomic scaffold scaffold2, whole genome shotgun sequence	terpene	Terpene		
KV411304.1.region019	KV411304.1	KV411304.1 Nocardia terpenica strain IFM 0406 genomic scaffold scaffold2, whole genome shotgun sequence	terpene	Terpene		
KV411304.1.region020	KV411304.1	KV411304.1 Nocardia terpenica strain IFM 0406 genomic scaffold scaffold2, whole genome shotgun sequence	terpene	Terpene		
KV878783.1.region005	KV878783.1	KV878783.1 Spirulina major PCC 6313 genomic scaffold Contig40, whole genome shotgun sequence	terpene	Terpene		
LNBE01000001.1.region002	LNBE01000001.1	LNBE01000001.1 Streptomyces sp. MBT76 scaffold_1, whole genome shotgun sequence	terpene.T1PKS	Others		
LNBE01000002.1.region001	LNBE01000002.1	LNBE01000002.1 Streptomyces sp. MBT76 scaffold_2, whole genome shotgun sequence	terpene	Terpene		
LNBE01000002.1.region003	LNBE01000002.1	LNBE01000002.1 Streptomyces sp. MBT76 scaffold_2, whole genome shotgun sequence	terpene	Terpene		
LNBE01000002.1.region009	LNBE01000002.1	LNBE01000002.1 Streptomyces sp. MBT76 scaffold_2, whole genome shotgun sequence	terpene	Terpene		
LNBE01000003.1.region005	LNBE01000003.1	LNBE01000003.1 Streptomyces sp. MBT76 scaffold_3, whole genome shotgun sequence	terpene	Terpene		
LNBE01000003.1.region006	LNBE01000003.1	LNBE01000003.1 Streptomyces sp. MBT76 scaffold_3, whole genome shotgun sequence	terpene.T1PKS	Others		
LNBE01000003.1.region011	LNBE01000003.1	LNBE01000003.1 Streptomyces sp. MBT76 scaffold_3, whole genome shotgun sequence	terpene	Terpene		
LNBE01000003.1.region014	LNBE01000003.1	LNBE01000003.1 Streptomyces sp. MBT76 scaffold_3, whole genome shotgun sequence	terpene.T1PKS	Others		
LNBE01000003.1.region016	LNBE01000003.1	LNBE01000003.1 Streptomyces sp. MBT76 scaffold_3, whole genome shotgun sequence	NRPS-like.terpene.hglE-KS.ectoine	Others		
LNBE01000004.1.region002	LNBE01000004.1	LNBE01000004.1 Streptomyces sp. MBT76 scaffold_4, whole genome shotgun sequence	terpene.lanthipeptide	Others		
LNBE01000004.1.region004	LNBE01000004.1	LNBE01000004.1 Streptomyces sp. MBT76 scaffold_4, whole genome shotgun sequence	terpene.siderophore.T3PKS	Others		
LXQD01000065.1.region001	LXQD01000065.1	LXQD01000065.1 Nostoc minutum NIES-26 scaffold16.1, whole genome shotgun sequence	terpene	Terpene		
LXQD01000297.1.region001	LXQD01000297.1	LXQD01000297.1 Nostoc minutum NIES-26 scaffold41.1, whole genome shotgun sequence	terpene	Terpene		
LXQD01000317.1.region001	LXQD01000317.1	LXQD01000317.1 Nostoc minutum NIES-26 scaffold6.1, whole genome shotgun sequence	terpene	Terpene		
LXQD01000328.1.region002	LXQD01000328.1	LXQD01000328.1 Nostoc minutum NIES-26 scaffold7.1, whole genome shotgun sequence	terpene	Terpene		
LXQD01000350.1.region001	LXQD01000350.1	LXQD01000350.1 Nostoc minutum NIES-26 scaffold9.1, whole genome shotgun sequence	terpene	Terpene		
PPFB01000001.1.region007	PPFB01000001.1	PPFB01000001.1 Streptomyces sp. DH-12 scaffold1_size7418681, whole genome shotgun sequence	terpene	Terpene		
PPFB01000001.1.region010	PPFB01000001.1	PPFB01000001.1 Streptomyces sp. DH-12 scaffold1_size7418681, whole genome shotgun sequence	terpene	Terpene		
PPFB01000001.1.region012	PPFB01000001.1	PPFB01000001.1 Streptomyces sp. DH-12 scaffold1_size7418681, whole genome shotgun sequence	terpene	Terpene		
PPFB01000001.1.region017	PPFB01000001.1	PPFB01000001.1 Streptomyces sp. DH-12 scaffold1_size7418681, whole genome shotgun sequence	terpene	Terpene		
PTJS01000001.1.region002	PTJS01000001.1	PTJS01000001.1 Streptomyces sp. QL37 scaffold1_size8772908, whole genome shotgun sequence	terpene	Terpene		
PTJS01000001.1.region007	PTJS01000001.1	PTJS01000001.1 Streptomyces sp. QL37 scaffold1_size8772908, whole genome shotgun sequence	terpene	Terpene		
PTJS01000001.1.region011	PTJS01000001.1	PTJS01000001.1 Streptomyces sp. QL37 scaffold1_size8772908, whole genome shotgun sequence	terpene	Terpene		
PTJS01000001.1.region017	PTJS01000001.1	PTJS01000001.1 Streptomyces sp. QL37 scaffold1_size8772908, whole genome shotgun sequence	terpene	Terpene		
PTJS01000001.1.region025	PTJS01000001.1	PTJS01000001.1 Streptomyces sp. QL37 scaffold1_size8772908, whole genome shotgun sequence	terpene	Terpene		
PTJS01000001.1.region032	PTJS01000001.1	PTJS01000001.1 Streptomyces sp. QL37 scaffold1_size8772908, whole genome shotgun sequence	terpene.T2PKS	Others		
PTJS01000001.1.region034	PTJS01000001.1	PTJS01000001.1 Streptomyces sp. QL37 scaffold1_size8772908, whole genome shotgun sequence	terpene	Terpene		
PVNK01000005.1.region001	PVNK01000005.1	PVNK01000005.1 Enhygromyxa salina strain SWB005 ENSA5_contig000005, whole genome shotgun sequence	terpene	Terpene		
PVNK01000046.1.region001	PVNK01000046.1	PVNK01000046.1 Enhygromyxa salina strain SWB005 ENSA5_contig000046, whole genome shotgun sequence	terpene	Terpene		
PVNK01000047.1.region001	PVNK01000047.1	PVNK01000047.1 Enhygromyxa salina strain SWB005 ENSA5_contig000047, whole genome shotgun sequence	terpene	Terpene		
PVNK01000112.1.region001	PVNK01000112.1	PVNK01000112.1 Enhygromyxa salina strain SWB005 ENSA5_contig000112, whole genome shotgun sequence	terpene	Terpene		
PVNK01000136.1.region001	PVNK01000136.1	PVNK01000136.1 Enhygromyxa salina strain SWB005 ENSA5_contig000136, whole genome shotgun sequence	terpene	Terpene		
PVNK01000227.1.region001	PVNK01000227.1	PVNK01000227.1 Enhygromyxa salina strain SWB005 ENSA5_contig000227, whole genome shotgun sequence	terpene	Terpene		
PVNL01000015.1.region001	PVNL01000015.1	PVNL01000015.1 Enhygromyxa salina strain SWB007 ENSA7_contig000015, whole genome shotgun sequence	terpene.T3PKS	Others		
PVNL01000034.1.region001	PVNL01000034.1	PVNL01000034.1 Enhygromyxa salina strain SWB007 ENSA7_contig000034, whole genome shotgun sequence	terpene	Terpene		
PVNL01000051.1.region001	PVNL01000051.1	PVNL01000051.1 Enhygromyxa salina strain SWB007 ENSA7_contig000051, whole genome shotgun sequence	terpene	Terpene		
PVNL01000057.1.region001	PVNL01000057.1	PVNL01000057.1 Enhygromyxa salina strain SWB007 ENSA7_contig000057, whole genome shotgun sequence	terpene	Terpene		
PVNL01000096.1.region001	PVNL01000096.1	PVNL01000096.1 Enhygromyxa salina strain SWB007 ENSA7_contig000096, whole genome shotgun sequence	terpene	Terpene		
PVNL01000097.1.region001	PVNL01000097.1	PVNL01000097.1 Enhygromyxa salina strain SWB007 ENSA7_contig000097, whole genome shotgun sequence	terpene	Terpene		
PVNL01000122.1.region001	PVNL01000122.1	PVNL01000122.1 Enhygromyxa salina strain SWB007 ENSA7_contig000122, whole genome shotgun sequence	terpene	Terpene		
PVNL01000135.1.region001	PVNL01000135.1	PVNL01000135.1 Enhygromyxa salina strain SWB007 ENSA7_contig000135, whole genome shotgun sequence	terpene	Terpene		
PVNL01000135.1.region002	PVNL01000135.1	PVNL01000135.1 Enhygromyxa salina strain SWB007 ENSA7_contig000135, whole genome shotgun sequence	terpene	Terpene		
PVNL01000138.1.region001	PVNL01000138.1	PVNL01000138.1 Enhygromyxa salina strain SWB007 ENSA7_contig000138, whole genome shotgun sequence	terpene	Terpene		
QCYM01000001.1.region002	QCYM01000001.1	QCYM01000001.1 Labrenzia sp. 011 NODE_1_length_650667_cov_25.3047, whole genome shotgun sequence	terpene	Terpene		
QKWM01000001.1.region001	QKWM01000001.1	QKWM01000001.1 Streptomyces sp. SW4 SW4_2_1, whole genome shotgun sequence	terpene	Terpene		
QKWM01000001.1.region006	QKWM01000001.1	QKWM01000001.1 Streptomyces sp. SW4 SW4_2_1, whole genome shotgun sequence	terpene	Terpene		
QKWM01000004.1.region001	QKWM01000004.1	QKWM01000004.1 Streptomyces sp. SW4 SW4_1_1, whole genome shotgun sequence	terpene	Terpene		
QKWM01000004.1.region004	QKWM01000004.1	QKWM01000004.1 Streptomyces sp. SW4 SW4_1_1, whole genome shotgun sequence	terpene	Terpene		
VIKV01000015.1.region001	VIKV01000015.1	VIKV01000015.1 Dolichospermum sp. UHCC 0299 scaffold15_cov0, whole genome shotgun sequence	terpene	Terpene		
VIKV01000181.1.region001	VIKV01000181.1	VIKV01000181.1 Dolichospermum sp. UHCC 0299 scaffold183_cov0, whole genome shotgun sequence	terpene	Terpene		
VIKV01000245.1.region001	VIKV01000245.1	VIKV01000245.1 Dolichospermum sp. UHCC 0299 scaffold249_cov0, whole genome shotgun sequence	terpene	Terpene		
VIKW01000019.1.region001	VIKW01000019.1	VIKW01000019.1 Anabaena sp. UHCC 0204 scaffold19_cov0, whole genome shotgun sequence	terpene	Terpene		
VIKX01000020.1.region001	VIKX01000020.1	VIKX01000020.1 Dolichospermum sp. UHCC 0259 scaffold20_cov0, whole genome shotgun sequence	terpene	Terpene		
VIKX01000078.1.region001	VIKX01000078.1	VIKX01000078.1 Dolichospermum sp. UHCC 0259 scaffold78_cov0, whole genome shotgun sequence	terpene	Terpene		
VIKX01000323.1.region001	VIKX01000323.1	VIKX01000323.1 Dolichospermum sp. UHCC 0259 scaffold323_cov0, whole genome shotgun sequence	terpene	Terpene		
VIKY01000131.1.region001	VIKY01000131.1	VIKY01000131.1 Dolichospermum sp. UHCC 0352 scaffold132_cov0, whole genome shotgun sequence	terpene	Terpene		
VIKY01000223.1.region001	VIKY01000223.1	VIKY01000223.1 Dolichospermum sp. UHCC 0352 scaffold226_cov0, whole genome shotgun sequence	terpene	Terpene		
VIKY01000237.1.region001	VIKY01000237.1	VIKY01000237.1 Dolichospermum sp. UHCC 0352 scaffold240_cov0, whole genome shotgun sequence	terpene	Terpene		
VIKZ01000002.1.region001	VIKZ01000002.1	VIKZ01000002.1 Dolichospermum sp. UHCC 0260 scaffold2_cov0, whole genome shotgun sequence	terpene	Terpene		
VIKZ01000010.1.region001	VIKZ01000010.1	VIKZ01000010.1 Dolichospermum sp. UHCC 0260 scaffold10_cov0, whole genome shotgun sequence	terpene	Terpene		
VIKZ01000025.1.region001	VIKZ01000025.1	VIKZ01000025.1 Dolichospermum sp. UHCC 0260 scaffold25_cov0, whole genome shotgun sequence	terpene	Terpene		
VILB01000008.1.region001	VILB01000008.1	VILB01000008.1 Anabaena sp. UHCC 0187 scaffold8_cov11, whole genome shotgun sequence	terpene	Terpene		
VILB01000009.1.region002	VILB01000009.1	VILB01000009.1 Anabaena sp. UHCC 0187 scaffold9_cov12, whole genome shotgun sequence	terpene	Terpene		
VILB01000032.1.region001	VILB01000032.1	VILB01000032.1 Anabaena sp. UHCC 0187 scaffold32_cov20, whole genome shotgun sequence	terpene	Terpene		
VILC01000004.1.region001	VILC01000004.1	VILC01000004.1 Aphanizomenon sp. UHCC 0183 scaffold4_cov0, whole genome shotgun sequence	terpene	Terpene		
VILC01000094.1.region001	VILC01000094.1	VILC01000094.1 Aphanizomenon sp. UHCC 0183 scaffold94_cov0, whole genome shotgun sequence	terpene	Terpene		
VILC01000149.1.region001	VILC01000149.1	VILC01000149.1 Aphanizomenon sp. UHCC 0183 scaffold149_cov0, whole genome shotgun sequence	terpene	Terpene		
VILD01000005.1.region001	VILD01000005.1	VILD01000005.1 Anabaena sp. UHCC 0253 XSP2A_scaffold00005_cov, whole genome shotgun sequence	terpene	Terpene		
VILE01000003.1.region001	VILE01000003.1	VILE01000003.1 Dolichospermum planctonicum UHCC 0167 scaffold00003, whole genome shotgun sequence	terpene	Terpene		
VILE01000005.1.region002	VILE01000005.1	VILE01000005.1 Dolichospermum planctonicum UHCC 0167 scaffold00005, whole genome shotgun sequence	terpene	Terpene		
VILE01000010.1.region001	VILE01000010.1	VILE01000010.1 Dolichospermum planctonicum UHCC 0167 scaffold00010, whole genome shotgun sequence	terpene	Terpene		
VILF01000001.1.region002	VILF01000001.1	VILF01000001.1 Dolichospermum flos-aquae UHCC 0037 newAn37_scaffold1, whole genome shotgun sequence	terpene	Terpene		
VILF01000006.1.region001	VILF01000006.1	VILF01000006.1 Dolichospermum flos-aquae UHCC 0037 newAn37_scaffold6, whole genome shotgun sequence	terpene	Terpene		
VILF01000006.1.region003	VILF01000006.1	VILF01000006.1 Dolichospermum flos-aquae UHCC 0037 newAn37_scaffold6, whole genome shotgun sequence	terpene	Terpene		
c00520_NODE_52...region001	c00520_NODE_52..	NODE_520_length_7007_cov_2.765368	terpene	Terpene		
c00996_NODE_99...region001	c00996_NODE_99..	NODE_996_length_3130_cov_2.543072	terpene	Terpene		
c02888_NODE_28...region001	c02888_NODE_28..	NODE_2888_length_1222_cov_1.606114	terpene	Terpene		
c04162_NODE_41...region001	c04162_NODE_41..	NODE_4162_length_1255_cov_1.390492	terpene	Terpene		
